chromosome,position,rs_i_ds,reference,alternate,source,filters_exomes,filters_genomes,hgvs_consequence,protein_consequence,transcript_consequence,vep_annotation,clin_var_clinical_significance,flags,allele_count,allele_number,allele_frequency,homozygote_count,hemizygote_count,allele_count_african_african_american,allele_number_african_african_american,homozygote_count_african_african_american,hemizygote_count_african_african_american,allele_count_latino_admixed_american,allele_number_latino_admixed_american,homozygote_count_latino_admixed_american,hemizygote_count_latino_admixed_american,allele_count_ashkenazi_jewish,allele_number_ashkenazi_jewish,homozygote_count_ashkenazi_jewish,hemizygote_count_ashkenazi_jewish,allele_count_east_asian,allele_number_east_asian,homozygote_count_east_asian,hemizygote_count_east_asian,allele_count_european_finnish,allele_number_european_finnish,homozygote_count_european_finnish,hemizygote_count_european_finnish,allele_count_european_non_finnish,allele_number_european_non_finnish,homozygote_count_european_non_finnish,hemizygote_count_european_non_finnish,allele_count_other,allele_number_other,homozygote_count_other,hemizygote_count_other,allele_count_south_asian,allele_number_south_asian,homozygote_count_south_asian,hemizygote_count_south_asian,have_cell_lines
4,3214009,rs556497118,G,T,gnomAD Genomes,NA,PASS,c.6628+140G>T,NA,c.6628+140G>T,intron_variant,NA,NA,87,31408,0.002769995,2,0,86,8714,2,0,1,848,0,0,0,288,0,0,0,1560,0,0,0,3476,0,0,0,15434,0,0,0,1088,0,0,0,0,0,0,FALSE
4,3214017,rs185746215,C,T,gnomAD Genomes,NA,PASS,c.6628+148C>T,NA,c.6628+148C>T,intron_variant,NA,NA,29,31404,9.23E-04,0,0,7,8716,0,0,4,848,0,0,5,290,0,0,0,1558,0,0,1,3474,0,0,12,15430,0,0,0,1088,0,0,0,0,0,0,FALSE
4,3214031,rs1445505744,T,A,gnomAD Genomes,NA,PASS,c.6628+162T>A,NA,c.6628+162T>A,intron_variant,NA,NA,1,31410,3.18E-05,0,0,0,8716,0,0,0,848,0,0,0,290,0,0,0,1560,0,0,0,3476,0,0,1,15432,0,0,0,1088,0,0,0,0,0,0,FALSE
4,3214047,rs767774665,A,G,gnomAD Genomes,NA,PASS,c.6628+178A>G,NA,c.6628+178A>G,intron_variant,NA,NA,3,31408,9.55E-05,0,0,1,8716,0,0,0,848,0,0,0,290,0,0,0,1560,0,0,0,3474,0,0,2,15432,0,0,0,1088,0,0,0,0,0,0,FALSE
4,3214071,rs362335,A,G,gnomAD Genomes,NA,PASS,c.6628+202A>G,NA,c.6628+202A>G,intron_variant,NA,NA,1,31402,3.18E-05,0,0,0,8716,0,0,0,848,0,0,0,290,0,0,0,1560,0,0,0,3474,0,0,1,15426,0,0,0,1088,0,0,0,0,0,0,FALSE
4,3214079,rs1192282959,A,G,gnomAD Genomes,NA,PASS,c.6628+210A>G,NA,c.6628+210A>G,intron_variant,NA,NA,1,31404,3.18E-05,0,0,0,8712,0,0,0,848,0,0,0,290,0,0,0,1558,0,0,0,3476,0,0,1,15432,0,0,0,1088,0,0,0,0,0,0,FALSE
4,3214094,rs1377624243,T,C,gnomAD Genomes,NA,PASS,c.6629-197T>C,NA,c.6629-197T>C,intron_variant,NA,NA,1,31408,3.18E-05,0,0,0,8716,0,0,0,848,0,0,0,290,0,0,0,1558,0,0,0,3474,0,0,1,15434,0,0,0,1088,0,0,0,0,0,0,FALSE
4,3214102,rs1466813591,G,C,gnomAD Genomes,NA,PASS,c.6629-189G>C,NA,c.6629-189G>C,intron_variant,NA,NA,1,31406,3.18E-05,0,0,0,8716,0,0,0,848,0,0,0,290,0,0,0,1560,0,0,0,3476,0,0,1,15428,0,0,0,1088,0,0,0,0,0,0,FALSE
4,3214141,rs139454515,G,A,gnomAD Genomes,NA,PASS,c.6629-150G>A,NA,c.6629-150G>A,intron_variant,NA,NA,1,31406,3.18E-05,0,0,0,8712,0,0,0,848,0,0,0,290,0,0,1,1560,0,0,0,3474,0,0,0,15434,0,0,0,1088,0,0,0,0,0,0,FALSE
4,3214147,rs1382264363,T,C,gnomAD Genomes,NA,PASS,c.6629-144T>C,NA,c.6629-144T>C,intron_variant,NA,NA,1,31398,3.18E-05,0,0,1,8716,0,0,0,848,0,0,0,290,0,0,0,1560,0,0,0,3474,0,0,0,15422,0,0,0,1088,0,0,0,0,0,0,FALSE
4,3214150,rs1456411066,T,C,gnomAD Genomes,NA,PASS,c.6629-141T>C,NA,c.6629-141T>C,intron_variant,NA,NA,1,31408,3.18E-05,0,0,0,8714,0,0,0,848,0,0,0,290,0,0,0,1560,0,0,0,3476,0,0,1,15434,0,0,0,1086,0,0,0,0,0,0,FALSE
4,3214156,rs914733702,C,T,gnomAD Genomes,NA,PASS,c.6629-135C>T,NA,c.6629-135C>T,intron_variant,NA,NA,1,31404,3.18E-05,0,0,1,8716,0,0,0,848,0,0,0,290,0,0,0,1560,0,0,0,3472,0,0,0,15434,0,0,0,1084,0,0,0,0,0,0,FALSE
4,3214169,rs1366717483,G,A,gnomAD Genomes,NA,PASS,c.6629-122G>A,NA,c.6629-122G>A,intron_variant,NA,NA,3,31354,9.57E-05,0,0,0,8686,0,0,0,846,0,0,0,290,0,0,0,1558,0,0,1,3474,0,0,1,15416,0,0,1,1084,0,0,0,0,0,0,FALSE
4,3214176,rs188616383,T,G,gnomAD Genomes,NA,PASS,c.6629-115T>G,NA,c.6629-115T>G,intron_variant,NA,NA,28,31384,8.92E-04,0,0,28,8696,0,0,0,848,0,0,0,290,0,0,0,1560,0,0,0,3476,0,0,0,15426,0,0,0,1088,0,0,0,0,0,0,FALSE
4,3214187,rs1300494298,G,T,gnomAD Genomes,NA,PASS,c.6629-104G>T,NA,c.6629-104G>T,intron_variant,NA,NA,1,31376,3.19E-05,0,0,1,8692,0,0,0,848,0,0,0,290,0,0,0,1560,0,0,0,3476,0,0,0,15422,0,0,0,1088,0,0,0,0,0,0,FALSE
4,3214188,rs1331613149,T,C,gnomAD Genomes,NA,PASS,c.6629-103T>C,NA,c.6629-103T>C,intron_variant,NA,NA,1,31396,3.19E-05,0,0,1,8708,0,0,0,848,0,0,0,290,0,0,0,1558,0,0,0,3476,0,0,0,15430,0,0,0,1086,0,0,0,0,0,0,FALSE
4,3214210,rs1404841456,CAG,C,gnomAD Genomes,NA,PASS,c.6629-77_6629-76delGA,NA,c.6629-77_6629-76delGA,intron_variant,NA,NA,4,31402,1.27E-04,0,0,0,8712,0,0,0,848,0,0,0,290,0,0,4,1560,0,0,0,3474,0,0,0,15432,0,0,0,1086,0,0,0,0,0,0,FALSE
4,3214238,rs1258759358,T,G,gnomAD Genomes,NA,PASS,c.6629-53T>G,NA,c.6629-53T>G,intron_variant,NA,NA,1,31396,3.19E-05,0,0,1,8708,0,0,0,848,0,0,0,290,0,0,0,1560,0,0,0,3474,0,0,0,15428,0,0,0,1088,0,0,0,0,0,0,FALSE
4,3214245,rs770272941,A,G,gnomAD Exomes,PASS,NA,c.6629-46A>G,NA,c.6629-46A>G,intron_variant,NA,NA,1,239910,4.17E-06,0,0,0,15380,0,0,0,32466,0,0,0,9326,0,0,0,17734,0,0,0,21180,0,0,1,109256,0,0,0,5838,0,0,0,28730,0,0,FALSE
4,3214247,rs773484422,C,T,gnomAD Exomes,PASS,NA,c.6629-44C>T,NA,c.6629-44C>T,intron_variant,NA,NA,1,240298,4.16E-06,0,0,0,15394,0,0,0,32556,0,0,0,9370,0,0,0,17740,0,0,0,21200,0,0,0,109362,0,0,0,5846,0,0,1,28830,0,0,FALSE
4,3214250,rs1432656592,T,C,gnomAD Exomes,PASS,NA,c.6629-41T>C,NA,c.6629-41T>C,intron_variant,NA,NA,1,243500,4.11E-06,0,0,0,15438,0,0,0,33402,0,0,0,9596,0,0,0,17868,0,0,0,21362,0,0,0,110240,0,0,0,5928,0,0,1,29666,0,0,FALSE
4,3214254,rs1174126399,C,T,gnomAD Exomes,PASS,NA,c.6629-37C>T,NA,c.6629-37C>T,intron_variant,NA,NA,1,243536,4.11E-06,0,0,0,15440,0,0,0,33310,0,0,0,9616,0,0,0,17842,0,0,0,21390,0,0,1,110362,0,0,0,5930,0,0,0,29646,0,0,FALSE
4,3214256,rs763330979,C,T,gnomAD Exomes,PASS,NA,c.6629-35C>T,NA,c.6629-35C>T,intron_variant,NA,NA,2,246652,8.11E-06,0,0,0,15474,0,0,1,34234,0,0,0,9886,0,0,0,17946,0,0,0,21494,0,0,1,111282,0,0,0,6004,0,0,0,30332,0,0,FALSE
4,3214257,rs907257891,G,A,gnomAD Exomes,PASS,NA,c.6629-34G>A,NA,c.6629-34G>A,intron_variant,NA,NA,7,246922,2.83E-05,0,0,1,15476,0,0,4,34274,0,0,1,9904,0,0,0,17950,0,0,0,21492,0,0,1,111432,0,0,0,6012,0,0,0,30382,0,0,FALSE
4,3214264,rs766640031,C,T,gnomAD Exomes,PASS,NA,c.6629-27C>T,NA,c.6629-27C>T,intron_variant,NA,NA,2,246886,8.10E-06,0,0,0,15474,0,0,0,34216,0,0,0,9916,0,0,0,17948,0,0,0,21510,0,0,1,111464,0,0,0,6006,0,0,1,30352,0,0,FALSE
4,3214266,rs1369132899,C,T,gnomAD Exomes,PASS,NA,c.6629-25C>T,NA,c.6629-25C>T,intron_variant,NA,NA,2,247012,8.10E-06,0,0,0,15478,0,0,2,34246,0,0,0,9932,0,0,0,17946,0,0,0,21514,0,0,0,111532,0,0,0,6012,0,0,0,30352,0,0,FALSE
4,3214268,rs1407227614,C,T,gnomAD Exomes,PASS,NA,c.6629-23C>T,NA,c.6629-23C>T,intron_variant,NA,NA,1,247414,4.04E-06,0,0,0,15476,0,0,1,34352,0,0,0,9964,0,0,0,17956,0,0,0,21530,0,0,0,111692,0,0,0,6018,0,0,0,30426,0,0,FALSE
4,3214269,rs1180401661,C,G,gnomAD Genomes,NA,PASS,c.6629-22C>G,NA,c.6629-22C>G,intron_variant,NA,NA,1,31404,3.18E-05,0,0,1,8714,0,0,0,848,0,0,0,290,0,0,0,1560,0,0,0,3476,0,0,0,15428,0,0,0,1088,0,0,0,0,0,0,FALSE
4,3214271,rs921397510,A,G,gnomAD Exomes,PASS,NA,c.6629-20A>G,NA,c.6629-20A>G,intron_variant,NA,NA,1,247832,4.03E-06,0,0,0,15480,0,0,0,34414,0,0,0,9990,0,0,0,17970,0,0,0,21530,0,0,1,111928,0,0,0,6022,0,0,0,30498,0,0,FALSE
4,3214272,rs545249927,C,A,gnomAD Exomes,PASS,NA,c.6629-19C>A,NA,c.6629-19C>A,intron_variant,NA,NA,23,247800,9.28E-05,0,0,2,15478,0,0,0,34394,0,0,0,9984,0,0,1,17972,0,0,0,21528,0,0,1,111950,0,0,0,6020,0,0,19,30474,0,0,FALSE
4,3214272,rs545249927,C,T,"gnomAD Exomes,gnomAD Genomes",PASS,PASS,c.6629-19C>T,NA,c.6629-19C>T,intron_variant,NA,NA,45,279212,1.61E-04,0,0,1,24192,0,0,40,35242,0,0,1,10274,0,0,0,19532,0,0,0,25004,0,0,3,127386,0,0,0,7108,0,0,0,30474,0,0,FALSE
4,3214273,rs767594506,G,A,gnomAD Exomes,PASS,NA,c.6629-18G>A,NA,c.6629-18G>A,intron_variant,NA,NA,8,247818,3.23E-05,0,0,0,15476,0,0,8,34390,0,0,0,9986,0,0,0,17976,0,0,0,21528,0,0,0,111954,0,0,0,6022,0,0,0,30486,0,0,FALSE
4,3214276,rs368587047,G,T,"gnomAD Exomes,gnomAD Genomes",PASS,PASS,c.6629-15G>T,NA,c.6629-15G>T,intron_variant,NA,NA,18,279554,6.44E-05,0,0,9,24198,0,0,1,35278,0,0,0,10306,0,0,0,19532,0,0,0,25010,0,0,7,127580,0,0,1,7112,0,0,0,30538,0,0,FALSE
4,3214278,rs756036469,C,T,gnomAD Exomes,PASS,NA,c.6629-13C>T,NA,c.6629-13C>T,intron_variant,NA,NA,8,248224,3.22E-05,0,0,0,15482,0,0,0,34438,0,0,0,10014,0,0,8,17974,0,0,0,21540,0,0,0,112206,0,0,0,6026,0,0,0,30544,0,0,FALSE
4,3214279,rs764043135,C,T,gnomAD Exomes,PASS,NA,c.6629-12C>T,NA,c.6629-12C>T,intron_variant,NA,NA,1,248226,4.03E-06,0,0,0,15482,0,0,0,34428,0,0,0,10012,0,0,0,17972,0,0,0,21542,0,0,1,112228,0,0,0,6028,0,0,0,30534,0,0,FALSE
4,3214300,rs995428119,C,T,gnomAD Exomes,PASS,NA,p.Ala2213Val,p.Ala2213Val,c.6638C>T,missense_variant,NA,NA,1,248958,4.02E-06,0,0,0,15484,0,0,0,34524,0,0,0,10062,0,0,0,17978,0,0,0,21554,0,0,0,112708,0,0,1,6046,0,0,0,30602,0,0,FALSE
4,3214301,rs753624287,A,G,gnomAD Exomes,PASS,NA,p.Ala2213Ala,p.Ala2213Ala,c.6639A>G,synonymous_variant,NA,NA,2,248994,8.03E-06,0,0,0,15484,0,0,0,34526,0,0,0,10062,0,0,0,17978,0,0,0,21554,0,0,2,112740,0,0,0,6048,0,0,0,30602,0,0,FALSE
4,3214302,rs367623835,C,G,gnomAD Exomes,PASS,NA,p.Leu2214Val,p.Leu2214Val,c.6640C>G,missense_variant,NA,NA,1,249004,4.02E-06,0,0,0,15484,0,0,0,34526,0,0,0,10060,0,0,0,17974,0,0,0,21554,0,0,1,112762,0,0,0,6044,0,0,0,30600,0,0,FALSE
4,3214304,rs372618829,G,T,"gnomAD Exomes,gnomAD Genomes",PASS,PASS,p.Leu2214Leu,p.Leu2214Leu,c.6642G>T,synonymous_variant,NA,NA,128,280720,4.56E-04,0,0,2,24200,0,0,15,35376,0,0,0,10358,0,0,0,19534,0,0,0,25034,0,0,102,128474,0,0,4,7142,0,0,5,30602,0,0,FALSE
4,3214309,rs745503160,A,G,gnomAD Exomes,PASS,NA,p.Gln2216Arg,p.Gln2216Arg,c.6647A>G,missense_variant,NA,NA,1,249334,4.01E-06,0,0,0,15486,0,0,0,34528,0,0,0,10068,0,0,0,17976,0,0,0,21558,0,0,0,113062,0,0,0,6054,0,0,1,30602,0,0,FALSE
4,3214314,rs1189524257,C,T,gnomAD Exomes,PASS,NA,p.Leu2218Leu,p.Leu2218Leu,c.6652C>T,synonymous_variant,NA,NA,1,249402,4.01E-06,0,0,0,15486,0,0,0,34526,0,0,0,10070,0,0,0,17976,0,0,0,21558,0,0,1,113128,0,0,0,6056,0,0,0,30602,0,0,FALSE
4,3214317,rs565501560,C,T,"gnomAD Exomes,gnomAD Genomes",PASS,PASS,p.Pro2219Ser,p.Pro2219Ser,c.6655C>T,missense_variant,NA,NA,3,280816,1.07E-05,0,0,0,24194,0,0,1,35376,0,0,0,10360,0,0,0,19534,0,0,0,25034,0,0,2,128576,0,0,0,7140,0,0,0,30602,0,0,FALSE
4,3214318,rs779434937,C,T,"gnomAD Exomes,gnomAD Genomes",PASS,PASS,p.Pro2219Leu,p.Pro2219Leu,c.6656C>T,missense_variant,NA,NA,3,280810,1.07E-05,0,0,0,24194,0,0,0,35376,0,0,0,10360,0,0,0,19536,0,0,0,25034,0,0,1,128566,0,0,0,7142,0,0,2,30602,0,0,FALSE
4,3214319,rs746491906,C,T,gnomAD Exomes,PASS,NA,p.Pro2219Pro,p.Pro2219Pro,c.6657C>T,synonymous_variant,NA,NA,2,249426,8.02E-06,0,0,0,15486,0,0,0,34528,0,0,0,10070,0,0,0,17976,0,0,0,21560,0,0,2,113148,0,0,0,6056,0,0,0,30602,0,0,FALSE
4,3214321,rs1388646674,C,G,gnomAD Exomes,PASS,NA,p.Thr2220Ser,p.Thr2220Ser,c.6659C>G,missense_variant,NA,NA,1,249488,4.01E-06,0,0,0,15486,0,0,0,34528,0,0,0,10068,0,0,0,17976,0,0,0,21560,0,0,1,113208,0,0,0,6060,0,0,0,30602,0,0,FALSE
4,3214328,rs1177971019,C,T,gnomAD Genomes,NA,PASS,p.Ala2222Ala,p.Ala2222Ala,c.6666C>T,synonymous_variant,NA,NA,1,31402,3.18E-05,0,0,1,8714,0,0,0,848,0,0,0,290,0,0,0,1560,0,0,0,3476,0,0,0,15426,0,0,0,1088,0,0,0,0,0,0,FALSE
4,3214329,rs1407425421,C,T,gnomAD Exomes,PASS,NA,p.Arg2223Trp,p.Arg2223Trp,c.6667C>T,missense_variant,NA,NA,1,249516,4.01E-06,0,0,0,15486,0,0,0,34528,0,0,0,10072,0,0,1,17976,0,0,0,21560,0,0,0,113232,0,0,0,6060,0,0,0,30602,0,0,FALSE
4,3214329,rs1407425421,C,G,gnomAD Exomes,PASS,NA,p.Arg2223Gly,p.Arg2223Gly,c.6667C>G,missense_variant,NA,NA,1,249516,4.01E-06,0,0,0,15486,0,0,1,34528,0,0,0,10072,0,0,0,17976,0,0,0,21560,0,0,0,113232,0,0,0,6060,0,0,0,30602,0,0,FALSE
4,3214330,rs375059996,G,T,gnomAD Exomes,PASS,NA,p.Arg2223Leu,p.Arg2223Leu,c.6668G>T,missense_variant,NA,NA,1,249526,4.01E-06,0,0,0,15486,0,0,0,34528,0,0,0,10072,0,0,0,17976,0,0,0,21560,0,0,1,113242,0,0,0,6060,0,0,0,30602,0,0,FALSE
4,3214330,rs375059996,G,A,gnomAD Exomes,PASS,NA,p.Arg2223Gln,p.Arg2223Gln,c.6668G>A,missense_variant,NA,NA,2,249526,8.02E-06,0,0,2,15486,0,0,0,34528,0,0,0,10072,0,0,0,17976,0,0,0,21560,0,0,0,113242,0,0,0,6060,0,0,0,30602,0,0,FALSE
4,3214331,rs367979379,G,A,"gnomAD Exomes,gnomAD Genomes",PASS,PASS,p.Arg2223Arg,p.Arg2223Arg,c.6669G>A,synonymous_variant,NA,NA,10,280936,3.56E-05,0,0,0,24196,0,0,0,35376,0,0,0,10362,0,0,0,19534,0,0,1,25034,0,0,9,128684,0,0,0,7148,0,0,0,30602,0,0,FALSE
4,3214335,rs771269259,C,T,gnomAD Exomes,PASS,NA,p.Leu2225Leu,p.Leu2225Leu,c.6673C>T,synonymous_variant,NA,NA,1,249550,4.01E-06,0,0,0,15486,0,0,0,34528,0,0,0,10072,0,0,0,17976,0,0,0,21560,0,0,0,113266,0,0,0,6060,0,0,1,30602,0,0,FALSE
4,3214337,rs1323253450,G,A,gnomAD Exomes,PASS,NA,p.Leu2225Leu,p.Leu2225Leu,c.6675G>A,synonymous_variant,NA,NA,1,249558,4.01E-06,0,0,0,15486,0,0,0,34528,0,0,0,10072,0,0,1,17976,0,0,0,21560,0,0,0,113274,0,0,0,6060,0,0,0,30602,0,0,FALSE
4,3214340,rs1366780494,A,T,gnomAD Exomes,PASS,NA,p.Ala2226Ala,p.Ala2226Ala,c.6678A>T,synonymous_variant,NA,NA,1,249576,4.01E-06,0,0,0,15486,0,0,0,34528,0,0,0,10072,0,0,0,17976,0,0,0,21560,0,0,1,113290,0,0,0,6062,0,0,0,30602,0,0,FALSE
4,3214342,rs1425737299,A,G,gnomAD Exomes,PASS,NA,p.Gln2227Arg,p.Gln2227Arg,c.6680A>G,missense_variant,NA,NA,1,249578,4.01E-06,0,0,0,15486,0,0,0,34528,0,0,0,10072,0,0,0,17978,0,0,0,21560,0,0,1,113290,0,0,0,6062,0,0,0,30602,0,0,FALSE
4,3214350,rs371843250,G,A,gnomAD Exomes,PASS,NA,p.Val2230Met,p.Val2230Met,c.6688G>A,missense_variant,NA,NA,1,249582,4.01E-06,0,0,1,15486,0,0,0,34528,0,0,0,10072,0,0,0,17976,0,0,0,21562,0,0,0,113294,0,0,0,6062,0,0,0,30602,0,0,FALSE
4,3214352,rs1296397960,G,T,gnomAD Exomes,PASS,NA,p.Val2230Val,p.Val2230Val,c.6690G>T,synonymous_variant,NA,NA,1,249578,4.01E-06,0,0,0,15486,0,0,0,34528,0,0,0,10072,0,0,0,17976,0,0,0,21562,0,0,0,113290,0,0,0,6062,0,0,1,30602,0,0,FALSE
4,3214358,rs376984622,C,T,"gnomAD Exomes,gnomAD Genomes",PASS,PASS,p.Val2232Val,p.Val2232Val,c.6696C>T,synonymous_variant,NA,NA,6,280986,2.14E-05,0,0,4,24200,0,0,1,35376,0,0,0,10362,0,0,0,19538,0,0,0,25038,0,0,1,128720,0,0,0,7150,0,0,0,30602,0,0,FALSE
4,3214366,rs1300784431,T,C,gnomAD Genomes,NA,PASS,p.Leu2235Pro,p.Leu2235Pro,c.6704T>C,missense_variant,NA,NA,1,31404,3.18E-05,0,0,0,8714,0,0,0,848,0,0,0,290,0,0,0,1558,0,0,0,3476,0,0,1,15430,0,0,0,1088,0,0,0,0,0,0,FALSE
4,3214367,rs767682471,G,T,gnomAD Exomes,PASS,NA,p.Leu2235Leu,p.Leu2235Leu,c.6705G>T,synonymous_variant,NA,NA,1,249586,4.01E-06,0,0,0,15486,0,0,1,34528,0,0,0,10072,0,0,0,17978,0,0,0,21562,0,0,0,113296,0,0,0,6062,0,0,0,30602,0,0,FALSE
4,3214372,rs575976301,G,A,gnomAD Exomes,PASS,NA,p.Ser2237Asn,p.Ser2237Asn,c.6710G>A,missense_variant,NA,NA,1,249588,4.01E-06,0,0,0,15486,0,0,1,34528,0,0,0,10072,0,0,0,17978,0,0,0,21562,0,0,0,113296,0,0,0,6064,0,0,0,30602,0,0,FALSE
4,3214376,rs760785933,T,G,gnomAD Exomes,PASS,NA,p.His2238Gln,p.His2238Gln,c.6714T>G,missense_variant,NA,NA,3,249584,1.20E-05,0,0,0,15486,0,0,0,34528,0,0,0,10072,0,0,0,17978,0,0,0,21562,0,0,0,113294,0,0,0,6062,0,0,3,30602,0,0,FALSE
4,3214380,rs763976827,C,G,gnomAD Genomes,NA,PASS,p.His2240Asp,p.His2240Asp,c.6718C>G,missense_variant,NA,NA,1,31398,3.18E-05,0,0,1,8710,0,0,0,848,0,0,0,290,0,0,0,1560,0,0,0,3476,0,0,0,15426,0,0,0,1088,0,0,0,0,0,0,FALSE
4,3214380,rs763976827,C,T,gnomAD Exomes,PASS,NA,p.His2240Tyr,p.His2240Tyr,c.6718C>T,missense_variant,NA,NA,2,249586,8.01E-06,0,0,0,15486,0,0,1,34528,0,0,0,10072,0,0,0,17978,0,0,0,21562,0,0,1,113296,0,0,0,6062,0,0,0,30602,0,0,FALSE
4,3214382,rs753807442,C,T,gnomAD Exomes,PASS,NA,p.His2240His,p.His2240His,c.6720C>T,synonymous_variant,NA,NA,1,249586,4.01E-06,0,0,1,15486,0,0,0,34528,0,0,0,10072,0,0,0,17978,0,0,0,21562,0,0,0,113296,0,0,0,6062,0,0,0,30602,0,0,FALSE
4,3214383,rs1465413621,C,T,gnomAD Exomes,PASS,NA,p.Leu2241Phe,p.Leu2241Phe,c.6721C>T,missense_variant,NA,NA,1,249584,4.01E-06,0,0,0,15486,0,0,0,34528,0,0,0,10072,0,0,0,17978,0,0,0,21562,0,0,1,113294,0,0,0,6062,0,0,0,30602,0,0,FALSE
4,3214387,rs757177988,C,T,gnomAD Exomes,PASS,NA,p.Pro2242Leu,p.Pro2242Leu,c.6725C>T,missense_variant,NA,NA,2,249586,8.01E-06,0,0,0,15486,0,0,0,34528,0,0,0,10072,0,0,0,17978,0,0,0,21562,0,0,2,113296,0,0,0,6062,0,0,0,30602,0,0,FALSE
4,3214394,rs765139100,G,C,gnomAD Exomes,PASS,NA,p.Glu2244Asp,p.Glu2244Asp,c.6732G>C,missense_variant,NA,NA,3,249584,1.20E-05,0,0,0,15486,0,0,1,34528,0,0,0,10072,0,0,0,17978,0,0,0,21562,0,0,2,113294,0,0,0,6062,0,0,0,30602,0,0,FALSE
4,3214407,rs750176644,A,G,gnomAD Exomes,PASS,NA,p.Ile2249Val,p.Ile2249Val,c.6745A>G,missense_variant,NA,NA,1,249568,4.01E-06,0,0,0,15486,0,0,0,34528,0,0,0,10072,0,0,0,17976,0,0,0,21560,0,0,1,113284,0,0,0,6062,0,0,0,30600,0,0,FALSE
4,3214410,rs1164178080,G,A,gnomAD Exomes,PASS,NA,p.Val2250Met,p.Val2250Met,c.6748G>A,missense_variant,NA,NA,1,249576,4.01E-06,0,0,0,15486,0,0,0,34528,0,0,0,10072,0,0,0,17978,0,0,0,21560,0,0,1,113290,0,0,0,6060,0,0,0,30602,0,0,FALSE
4,3214413,rs758159208,A,C,gnomAD Exomes,PASS,NA,p.Lys2251Gln,p.Lys2251Gln,c.6751A>C,missense_variant,NA,NA,2,249572,8.01E-06,0,0,0,15486,0,0,0,34526,0,0,0,10072,0,0,2,17978,0,0,0,21560,0,0,0,113288,0,0,0,6060,0,0,0,30602,0,0,FALSE
4,3214418,rs369632008,C,T,"gnomAD Exomes,gnomAD Genomes",PASS,PASS,p.Phe2252Phe,p.Phe2252Phe,c.6756C>T,synonymous_variant,NA,NA,31,280958,1.10E-04,0,0,0,24194,0,0,8,35374,0,0,0,10360,0,0,0,19536,0,0,0,25036,0,0,23,128712,0,0,0,7146,0,0,0,30600,0,0,FALSE
4,3214419,rs374360323,G,C,"gnomAD Exomes,gnomAD Genomes",PASS,PASS,p.Val2253Leu,p.Val2253Leu,c.6757G>C,missense_variant,NA,NA,2,280968,7.12E-06,0,0,2,24196,0,0,0,35374,0,0,0,10362,0,0,0,19536,0,0,0,25036,0,0,0,128714,0,0,0,7148,0,0,0,30602,0,0,FALSE
4,3214419,rs374360323,G,A,gnomAD Exomes,PASS,NA,p.Val2253Met,p.Val2253Met,c.6757G>A,missense_variant,NA,NA,1,249568,4.01E-06,0,0,0,15486,0,0,0,34526,0,0,0,10072,0,0,0,17978,0,0,0,21560,0,0,0,113284,0,0,0,6060,0,0,1,30602,0,0,FALSE
4,3214421,rs377203393,G,C,"gnomAD Exomes,gnomAD Genomes",PASS,PASS,p.Val2253Val,p.Val2253Val,c.6759G>C,synonymous_variant,NA,NA,40,280970,1.42E-04,0,0,3,24198,0,0,0,35374,0,0,15,10362,0,0,0,19536,0,0,0,25036,0,0,20,128716,0,0,2,7146,0,0,0,30602,0,0,FALSE
4,3214424,rs1435180510,G,A,gnomAD Exomes,PASS,NA,p.Val2254Val,p.Val2254Val,c.6762G>A,synonymous_variant,NA,NA,1,249560,4.01E-06,0,0,0,15486,0,0,0,34526,0,0,0,10070,0,0,0,17978,0,0,0,21558,0,0,1,113282,0,0,0,6058,0,0,0,30602,0,0,FALSE
4,3214433,rs1319350462,T,C,gnomAD Exomes,PASS,NA,p.Leu2257Leu,p.Leu2257Leu,c.6771T>C,synonymous_variant,NA,NA,1,249542,4.01E-06,0,0,0,15486,0,0,1,34526,0,0,0,10072,0,0,0,17978,0,0,0,21552,0,0,0,113274,0,0,0,6054,0,0,0,30600,0,0,FALSE
4,3214441,rs193157701,G,A,"gnomAD Exomes,gnomAD Genomes",PASS,PASS,c.6774+5G>A,NA,c.6774+5G>A,splice_region_variant,NA,NA,1543,280918,0.005492706,11,0,26,24198,0,0,55,35374,0,0,56,10360,0,0,0,19538,0,0,445,25026,5,0,780,128676,4,0,36,7144,0,0,145,30602,2,0,TRUE
4,3214442,rs1449799450,A,G,gnomAD Exomes,PASS,NA,c.6774+6A>G,NA,c.6774+6A>G,splice_region_variant,NA,NA,1,249506,4.01E-06,0,0,0,15484,0,0,0,34524,0,0,0,10072,0,0,1,17978,0,0,0,21550,0,0,0,113244,0,0,0,6056,0,0,0,30598,0,0,FALSE
4,3214445,rs1284527592,C,T,gnomAD Exomes,PASS,NA,c.6774+9C>T,NA,c.6774+9C>T,intron_variant,NA,NA,1,249438,4.01E-06,0,0,0,15486,0,0,0,34522,0,0,0,10068,0,0,0,17978,0,0,0,21542,0,0,0,113198,0,0,0,6052,0,0,1,30592,0,0,FALSE
4,3214450,rs771357173,C,T,gnomAD Exomes,PASS,NA,c.6774+14C>T,NA,c.6774+14C>T,intron_variant,NA,NA,3,249378,1.20E-05,0,0,0,15484,0,0,0,34514,0,0,0,10058,0,0,0,17978,0,0,0,21530,0,0,1,113170,0,0,0,6052,0,0,2,30592,0,0,FALSE
4,3214451,rs561222031,G,A,gnomAD Exomes,PASS,NA,c.6774+15G>A,NA,c.6774+15G>A,intron_variant,NA,NA,4,249386,1.60E-05,0,0,1,15484,0,0,0,34522,0,0,0,10064,0,0,1,17978,0,0,0,21514,0,0,1,113178,0,0,0,6054,0,0,1,30592,0,0,FALSE
4,3214455,rs750385475,G,T,gnomAD Exomes,PASS,NA,c.6774+19G>T,NA,c.6774+19G>T,intron_variant,NA,NA,1,249340,4.01E-06,0,0,0,15482,0,0,0,34520,0,0,0,10064,0,0,0,17978,0,0,0,21514,0,0,1,113136,0,0,0,6056,0,0,0,30590,0,0,FALSE
4,3214458,rs746181742,C,T,gnomAD Exomes,PASS,NA,c.6774+22C>T,NA,c.6774+22C>T,intron_variant,NA,NA,1,249272,4.01E-06,0,0,0,15486,0,0,0,34520,0,0,0,10048,0,0,0,17978,0,0,0,21506,0,0,1,113110,0,0,0,6054,0,0,0,30570,0,0,FALSE
4,3214460,rs79689511,G,A,"gnomAD Exomes,gnomAD Genomes",PASS,PASS,c.6774+24G>A,NA,c.6774+24G>A,intron_variant,NA,NA,2142,280660,0.00763201,59,0,1616,24194,56,0,197,35364,0,0,224,10344,3,0,0,19536,0,0,2,24976,0,0,67,128520,0,0,31,7142,0,0,5,30584,0,0,TRUE
4,3214461,rs775748245,T,G,gnomAD Exomes,PASS,NA,c.6774+25T>G,NA,c.6774+25T>G,intron_variant,NA,NA,4,249262,1.60E-05,0,0,0,15486,0,0,0,34520,0,0,0,10058,0,0,0,17974,0,0,0,21506,0,0,0,113088,0,0,0,6056,0,0,4,30574,0,0,FALSE
4,3214465,rs376321101,G,T,gnomAD Exomes,PASS,NA,c.6774+29G>T,NA,c.6774+29G>T,intron_variant,NA,NA,6,249032,2.41E-05,0,0,1,15486,0,0,0,34506,0,0,0,10034,0,0,0,17976,0,0,0,21442,0,0,5,112974,0,0,0,6056,0,0,0,30558,0,0,FALSE
4,3214473,rs1188548469,GA,G,gnomAD Exomes,PASS,NA,c.6774+38delA,NA,c.6774+38delA,intron_variant,NA,NA,1,248724,4.02E-06,0,0,0,15482,0,0,0,34500,0,0,0,10000,0,0,1,17974,0,0,0,21414,0,0,0,112782,0,0,0,6044,0,0,0,30528,0,0,FALSE
4,3214474,rs755862200,AG,A,"gnomAD Exomes,gnomAD Genomes",PASS,PASS,c.6774+43delG,NA,c.6774+43delG,intron_variant,NA,NA,22,279998,7.86E-05,0,0,20,24188,0,0,1,35336,0,0,0,10276,0,0,0,19530,0,0,0,24878,0,0,1,128150,0,0,0,7120,0,0,0,30520,0,0,FALSE
4,3214475,rs1472005893,G,T,gnomAD Exomes,PASS,NA,c.6774+39G>T,NA,c.6774+39G>T,intron_variant,NA,NA,1,248376,4.03E-06,0,0,0,15478,0,0,0,34490,0,0,0,9972,0,0,0,17974,0,0,0,21348,0,0,1,112596,0,0,0,6040,0,0,0,30478,0,0,FALSE
4,3214476,rs149670836,G,C,"gnomAD Exomes,gnomAD Genomes",PASS,PASS,c.6774+40G>C,NA,c.6774+40G>C,intron_variant,NA,NA,34,279664,1.22E-04,0,0,7,24148,0,0,12,35332,0,0,0,10240,0,0,0,19532,0,0,0,24798,0,0,14,128012,0,0,1,7126,0,0,0,30476,0,0,FALSE
4,3214480,rs1413303276,C,T,gnomAD Exomes,PASS,NA,c.6774+44C>T,NA,c.6774+44C>T,intron_variant,NA,NA,1,247852,4.03E-06,0,0,0,15474,0,0,0,34462,0,0,0,9906,0,0,0,17962,0,0,0,21294,0,0,1,112348,0,0,0,6032,0,0,0,30374,0,0,FALSE
4,3214481,rs1270306996,A,G,gnomAD Genomes,NA,PASS,c.6774+45A>G,NA,c.6774+45A>G,intron_variant,NA,NA,1,31396,3.19E-05,0,0,1,8712,0,0,0,848,0,0,0,290,0,0,0,1560,0,0,0,3476,0,0,0,15424,0,0,0,1086,0,0,0,0,0,0,FALSE
4,3214482,rs754774363,T,C,"gnomAD Exomes,gnomAD Genomes",PASS,PASS,c.6774+46T>C,NA,c.6774+46T>C,intron_variant,NA,NA,17,279236,6.09E-05,0,0,0,24178,0,0,1,35316,0,0,2,10192,0,0,1,19522,0,0,0,24754,0,0,12,127794,0,0,1,7112,0,0,0,30368,0,0,FALSE
4,3214486,rs761847113,G,T,gnomAD Exomes,PASS,NA,c.6774+50G>T,NA,c.6774+50G>T,intron_variant,NA,NA,4,247236,1.62E-05,0,0,0,15472,0,0,4,34440,0,0,0,9860,0,0,0,17962,0,0,0,21136,0,0,0,112052,0,0,0,6020,0,0,0,30294,0,0,FALSE
4,3214487,rs765227055,C,T,gnomAD Exomes,PASS,NA,c.6774+51C>T,NA,c.6774+51C>T,intron_variant,NA,NA,1,246992,4.05E-06,0,0,0,15464,0,0,0,34418,0,0,0,9832,0,0,0,17960,0,0,0,21174,0,0,0,111978,0,0,0,6000,0,0,1,30166,0,0,FALSE
4,3214514,rs928779953,T,C,gnomAD Genomes,NA,PASS,c.6774+78T>C,NA,c.6774+78T>C,intron_variant,NA,NA,3,31394,9.56E-05,0,0,3,8708,0,0,0,848,0,0,0,290,0,0,0,1560,0,0,0,3476,0,0,0,15424,0,0,0,1088,0,0,0,0,0,0,FALSE
4,3214532,rs362334,T,G,gnomAD Genomes,NA,PASS,c.6774+96T>G,NA,c.6774+96T>G,intron_variant,NA,NA,8,31388,2.55E-04,0,0,8,8706,0,0,0,848,0,0,0,290,0,0,0,1560,0,0,0,3476,0,0,0,15422,0,0,0,1086,0,0,0,0,0,0,FALSE
4,3214550,rs1264970520,T,G,gnomAD Genomes,NA,PASS,c.6774+114T>G,NA,c.6774+114T>G,intron_variant,NA,NA,1,31394,3.19E-05,0,0,1,8708,0,0,0,848,0,0,0,288,0,0,0,1560,0,0,0,3474,0,0,0,15428,0,0,0,1088,0,0,0,0,0,0,FALSE
4,3214554,rs1048802735,C,T,gnomAD Genomes,NA,PASS,c.6774+118C>T,NA,c.6774+118C>T,intron_variant,NA,NA,1,31388,3.19E-05,0,0,1,8708,0,0,0,848,0,0,0,290,0,0,0,1558,0,0,0,3474,0,0,0,15422,0,0,0,1088,0,0,0,0,0,0,FALSE
4,3214556,rs551251380,A,G,gnomAD Genomes,NA,PASS,c.6774+120A>G,NA,c.6774+120A>G,intron_variant,NA,NA,2,31392,6.37E-05,0,0,1,8706,0,0,0,848,0,0,0,290,0,0,0,1558,0,0,0,3476,0,0,1,15426,0,0,0,1088,0,0,0,0,0,0,FALSE
4,3214580,rs1250323534,T,C,gnomAD Genomes,NA,PASS,c.6774+144T>C,NA,c.6774+144T>C,intron_variant,NA,NA,2,31390,6.37E-05,0,0,0,8710,0,0,0,848,0,0,0,290,0,0,0,1558,0,0,0,3474,0,0,2,15422,0,0,0,1088,0,0,0,0,0,0,FALSE
4,3214584,rs889737914,C,T,gnomAD Genomes,NA,PASS,c.6774+148C>T,NA,c.6774+148C>T,intron_variant,NA,NA,3,31388,9.56E-05,0,0,3,8704,0,0,0,848,0,0,0,290,0,0,0,1558,0,0,0,3476,0,0,0,15424,0,0,0,1088,0,0,0,0,0,0,FALSE
4,3214585,rs77205267,G,A,gnomAD Genomes,NA,PASS,c.6774+149G>A,NA,c.6774+149G>A,intron_variant,NA,NA,73,31378,0.002326471,0,0,73,8698,0,0,0,848,0,0,0,290,0,0,0,1558,0,0,0,3472,0,0,0,15424,0,0,0,1088,0,0,0,0,0,0,FALSE
4,3214619,rs536898522,C,T,gnomAD Genomes,NA,PASS,c.6774+183C>T,NA,c.6774+183C>T,intron_variant,NA,NA,97,31396,0.003089566,2,0,96,8704,2,0,1,848,0,0,0,290,0,0,0,1560,0,0,0,3476,0,0,0,15430,0,0,0,1088,0,0,0,0,0,0,FALSE
4,3214621,rs1055125354,C,T,gnomAD Genomes,NA,PASS,c.6774+185C>T,NA,c.6774+185C>T,intron_variant,NA,NA,1,31388,3.19E-05,0,0,0,8706,0,0,0,848,0,0,0,290,0,0,0,1558,0,0,0,3476,0,0,1,15422,0,0,0,1088,0,0,0,0,0,0,FALSE
4,3214627,rs1163410142,C,G,gnomAD Genomes,NA,PASS,c.6774+191C>G,NA,c.6774+191C>G,intron_variant,NA,NA,1,31398,3.18E-05,0,0,0,8710,0,0,0,848,0,0,0,290,0,0,0,1560,0,0,0,3476,0,0,1,15428,0,0,0,1086,0,0,0,0,0,0,FALSE
4,3214629,rs999240018,C,T,gnomAD Genomes,NA,PASS,c.6774+193C>T,NA,c.6774+193C>T,intron_variant,NA,NA,1,31398,3.18E-05,0,0,1,8710,0,0,0,846,0,0,0,290,0,0,0,1560,0,0,0,3474,0,0,0,15430,0,0,0,1088,0,0,0,0,0,0,FALSE
4,3214630,rs1459037987,A,G,gnomAD Genomes,NA,PASS,c.6774+194A>G,NA,c.6774+194A>G,intron_variant,NA,NA,1,31374,3.19E-05,0,0,0,8710,0,0,0,848,0,0,0,290,0,0,1,1558,0,0,0,3472,0,0,0,15408,0,0,0,1088,0,0,0,0,0,0,FALSE
4,3214659,rs1369943496,C,T,gnomAD Genomes,NA,PASS,c.6774+223C>T,NA,c.6774+223C>T,intron_variant,NA,NA,2,31396,6.37E-05,0,0,0,8704,0,0,0,848,0,0,0,290,0,0,0,1560,0,0,2,3476,0,0,0,15430,0,0,0,1088,0,0,0,0,0,0,FALSE
4,3214662,rs989080214,C,A,gnomAD Genomes,NA,PASS,c.6774+226C>A,NA,c.6774+226C>A,intron_variant,NA,NA,4,31396,1.27E-04,0,0,0,8704,0,0,0,848,0,0,0,290,0,0,0,1560,0,0,0,3476,0,0,4,15430,0,0,0,1088,0,0,0,0,0,0,FALSE
4,3214667,rs567263187,C,A,gnomAD Genomes,NA,PASS,c.6774+231C>A,NA,c.6774+231C>A,intron_variant,NA,NA,30,31392,9.56E-04,0,0,1,8706,0,0,0,848,0,0,0,290,0,0,0,1560,0,0,0,3474,0,0,29,15428,0,0,0,1086,0,0,0,0,0,0,TRUE
4,3214689,rs362333,A,G,gnomAD Genomes,NA,PASS,c.6774+253A>G,NA,c.6774+253A>G,intron_variant,NA,NA,4,31396,1.27E-04,0,0,0,8706,0,0,1,846,0,0,0,290,0,0,0,1560,0,0,0,3476,0,0,2,15430,0,0,1,1088,0,0,0,0,0,0,FALSE
4,3214703,rs1312343720,G,C,gnomAD Genomes,NA,PASS,c.6774+267G>C,NA,c.6774+267G>C,intron_variant,NA,NA,1,31380,3.19E-05,0,0,0,8702,0,0,0,848,0,0,0,290,0,0,0,1560,0,0,0,3472,0,0,1,15420,0,0,0,1088,0,0,0,0,0,0,FALSE
4,3214716,rs1322395867,A,G,gnomAD Genomes,NA,PASS,c.6774+280A>G,NA,c.6774+280A>G,intron_variant,NA,NA,1,31400,3.18E-05,0,0,1,8710,0,0,0,848,0,0,0,290,0,0,0,1560,0,0,0,3476,0,0,0,15428,0,0,0,1088,0,0,0,0,0,0,FALSE
4,3214765,rs957023137,A,G,gnomAD Genomes,NA,PASS,c.6774+329A>G,NA,c.6774+329A>G,intron_variant,NA,NA,1,31398,3.18E-05,0,0,1,8706,0,0,0,848,0,0,0,290,0,0,0,1560,0,0,0,3476,0,0,0,15430,0,0,0,1088,0,0,0,0,0,0,FALSE
4,3214771,rs1273031133,A,G,gnomAD Genomes,NA,PASS,c.6774+335A>G,NA,c.6774+335A>G,intron_variant,NA,NA,1,31386,3.19E-05,0,0,0,8702,0,0,0,848,0,0,0,290,0,0,0,1560,0,0,0,3474,0,0,1,15424,0,0,0,1088,0,0,0,0,0,0,FALSE
4,3214774,rs770563148,T,TA,gnomAD Genomes,NA,PASS,c.6774+339dupA,NA,c.6774+339dupA,intron_variant,NA,NA,3,31398,9.55E-05,0,0,0,8708,0,0,0,848,0,0,0,290,0,0,0,1560,0,0,0,3476,0,0,3,15430,0,0,0,1086,0,0,0,0,0,0,FALSE
4,3214776,rs1296705620,CT,C,gnomAD Genomes,NA,PASS,c.6774+342delT,NA,c.6774+342delT,intron_variant,NA,NA,1,31398,3.18E-05,0,0,0,8710,0,0,0,846,0,0,0,290,0,0,0,1558,0,0,0,3476,0,0,1,15430,0,0,0,1088,0,0,0,0,0,0,FALSE
4,3214776,rs1296705620,C,T,gnomAD Genomes,NA,PASS,c.6774+340C>T,NA,c.6774+340C>T,intron_variant,NA,NA,1,31398,3.18E-05,0,0,0,8710,0,0,0,846,0,0,0,290,0,0,0,1558,0,0,0,3476,0,0,1,15430,0,0,0,1088,0,0,0,0,0,0,FALSE
4,3214802,rs572823337,C,T,gnomAD Genomes,NA,PASS,c.6774+366C>T,NA,c.6774+366C>T,intron_variant,NA,NA,1,31374,3.19E-05,0,0,0,8696,0,0,0,848,0,0,0,290,0,0,0,1558,0,0,0,3476,0,0,1,15418,0,0,0,1088,0,0,0,0,0,0,FALSE
4,3214803,rs779716575,G,T,gnomAD Genomes,NA,PASS,c.6774+367G>T,NA,c.6774+367G>T,intron_variant,NA,NA,1,31392,3.19E-05,0,0,1,8704,0,0,0,848,0,0,0,290,0,0,0,1554,0,0,0,3476,0,0,0,15432,0,0,0,1088,0,0,0,0,0,0,FALSE
4,3214803,rs779716575,G,A,gnomAD Genomes,NA,PASS,c.6774+367G>A,NA,c.6774+367G>A,intron_variant,NA,NA,3,31392,9.56E-05,0,0,0,8704,0,0,0,848,0,0,0,290,0,0,1,1554,0,0,1,3476,0,0,1,15432,0,0,0,1088,0,0,0,0,0,0,FALSE
4,3214814,rs188838907,G,A,gnomAD Genomes,NA,PASS,c.6774+378G>A,NA,c.6774+378G>A,intron_variant,NA,NA,9,31396,2.87E-04,0,0,0,8710,0,0,5,848,0,0,0,290,0,0,0,1558,0,0,0,3476,0,0,3,15428,0,0,1,1086,0,0,0,0,0,0,FALSE
4,3214821,rs183898793,C,T,gnomAD Genomes,NA,PASS,c.6774+385C>T,NA,c.6774+385C>T,intron_variant,NA,NA,28,31398,8.92E-04,0,0,2,8706,0,0,0,848,0,0,0,290,0,0,0,1560,0,0,1,3476,0,0,25,15430,0,0,0,1088,0,0,0,0,0,0,FALSE
4,3214822,rs10030079,G,A,gnomAD Genomes,NA,PASS,c.6774+386G>A,NA,c.6774+386G>A,intron_variant,NA,NA,474,31392,0.015099388,3,0,31,8708,0,0,4,848,0,0,14,290,0,0,0,1558,0,0,31,3476,0,0,360,15424,2,0,34,1088,1,0,0,0,0,0,TRUE
4,3214828,rs1256488394,G,A,gnomAD Genomes,NA,PASS,c.6774+392G>A,NA,c.6774+392G>A,intron_variant,NA,NA,2,31402,6.37E-05,0,0,0,8712,0,0,0,848,0,0,0,290,0,0,0,1560,0,0,0,3476,0,0,2,15428,0,0,0,1088,0,0,0,0,0,0,FALSE
4,3214864,rs1167724219,A,G,gnomAD Genomes,NA,PASS,c.6774+428A>G,NA,c.6774+428A>G,intron_variant,NA,NA,1,31406,3.18E-05,0,0,1,8714,0,0,0,848,0,0,0,290,0,0,0,1558,0,0,0,3476,0,0,0,15432,0,0,0,1088,0,0,0,0,0,0,FALSE
4,3214867,rs115399857,G,A,gnomAD Genomes,NA,PASS,c.6774+431G>A,NA,c.6774+431G>A,intron_variant,NA,NA,145,31398,0.004618129,1,0,140,8710,1,0,0,846,0,0,0,290,0,0,0,1560,0,0,0,3476,0,0,5,15428,0,0,0,1088,0,0,0,0,0,0,FALSE
4,3214879,rs362332,G,A,gnomAD Genomes,NA,PASS,c.6774+443G>A,NA,c.6774+443G>A,intron_variant,NA,NA,42,31404,0.001337409,1,0,0,8712,0,0,2,848,0,0,0,290,0,0,31,1560,1,0,2,3476,0,0,7,15432,0,0,0,1086,0,0,0,0,0,0,FALSE
4,3214897,rs767825741,C,T,gnomAD Genomes,NA,PASS,c.6774+461C>T,NA,c.6774+461C>T,intron_variant,NA,NA,1,31404,3.18E-05,0,0,0,8708,0,0,0,848,0,0,0,290,0,0,0,1560,0,0,0,3476,0,0,1,15434,0,0,0,1088,0,0,0,0,0,0,FALSE
4,3214919,rs188380982,C,G,gnomAD Genomes,NA,PASS,c.6774+483C>G,NA,c.6774+483C>G,intron_variant,NA,NA,21,31398,6.69E-04,0,0,1,8712,0,0,2,846,0,0,0,290,0,0,0,1560,0,0,0,3474,0,0,18,15428,0,0,0,1088,0,0,0,0,0,0,FALSE
4,3214919,rs188380982,C,T,gnomAD Genomes,NA,PASS,c.6774+483C>T,NA,c.6774+483C>T,intron_variant,NA,NA,1,31398,3.18E-05,0,0,1,8712,0,0,0,846,0,0,0,290,0,0,0,1560,0,0,0,3474,0,0,0,15428,0,0,0,1088,0,0,0,0,0,0,FALSE
4,3214935,rs371980081,C,T,gnomAD Genomes,NA,PASS,c.6774+499C>T,NA,c.6774+499C>T,intron_variant,NA,NA,1,31404,3.18E-05,0,0,1,8712,0,0,0,848,0,0,0,290,0,0,0,1560,0,0,0,3476,0,0,0,15430,0,0,0,1088,0,0,0,0,0,0,FALSE
4,3214957,rs570456509,G,T,gnomAD Genomes,NA,PASS,c.6774+521G>T,NA,c.6774+521G>T,intron_variant,NA,NA,6,31398,1.91E-04,0,0,2,8714,0,0,0,848,0,0,0,290,0,0,0,1560,0,0,0,3476,0,0,4,15426,0,0,0,1084,0,0,0,0,0,0,FALSE
4,3214968,rs969425184,C,T,gnomAD Genomes,NA,PASS,c.6774+532C>T,NA,c.6774+532C>T,intron_variant,NA,NA,2,31402,6.37E-05,0,0,1,8714,0,0,0,848,0,0,0,290,0,0,0,1560,0,0,0,3472,0,0,1,15430,0,0,0,1088,0,0,0,0,0,0,FALSE
4,3214982,rs980381235,A,C,gnomAD Genomes,NA,PASS,c.6774+546A>C,NA,c.6774+546A>C,intron_variant,NA,NA,1,31400,3.18E-05,0,0,1,8712,0,0,0,848,0,0,0,290,0,0,0,1558,0,0,0,3476,0,0,0,15430,0,0,0,1086,0,0,0,0,0,0,FALSE
4,3214994,rs953748212,C,G,gnomAD Genomes,NA,PASS,c.6774+558C>G,NA,c.6774+558C>G,intron_variant,NA,NA,1,31404,3.18E-05,0,0,1,8714,0,0,0,848,0,0,0,290,0,0,0,1560,0,0,0,3476,0,0,0,15430,0,0,0,1086,0,0,0,0,0,0,FALSE
4,3215018,rs1019400190,CAT,C,gnomAD Genomes,NA,PASS,c.6774+585_6774+586delAT,NA,c.6774+585_6774+586delAT,intron_variant,NA,NA,2,31406,6.37E-05,0,0,2,8714,0,0,0,848,0,0,0,290,0,0,0,1560,0,0,0,3476,0,0,0,15430,0,0,0,1088,0,0,0,0,0,0,FALSE
4,3215034,rs1229745394,C,G,gnomAD Genomes,NA,PASS,c.6774+598C>G,NA,c.6774+598C>G,intron_variant,NA,NA,1,31412,3.18E-05,0,0,1,8716,0,0,0,848,0,0,0,290,0,0,0,1560,0,0,0,3476,0,0,0,15434,0,0,0,1088,0,0,0,0,0,0,FALSE
4,3215035,rs1277454277,C,G,gnomAD Genomes,NA,PASS,c.6774+599C>G,NA,c.6774+599C>G,intron_variant,NA,NA,1,31412,3.18E-05,0,0,0,8716,0,0,0,848,0,0,0,290,0,0,0,1560,0,0,0,3476,0,0,1,15434,0,0,0,1088,0,0,0,0,0,0,FALSE
4,3215064,rs1310794897,A,C,gnomAD Genomes,NA,PASS,c.6775-621A>C,NA,c.6775-621A>C,intron_variant,NA,NA,1,31410,3.18E-05,0,0,0,8714,0,0,0,848,0,0,0,290,0,0,0,1560,0,0,0,3476,0,0,1,15436,0,0,0,1086,0,0,0,0,0,0,FALSE
4,3215072,rs1209937550,A,G,gnomAD Genomes,NA,PASS,c.6775-613A>G,NA,c.6775-613A>G,intron_variant,NA,NA,2,31402,6.37E-05,0,0,1,8718,0,0,0,848,0,0,0,290,0,0,0,1558,0,0,0,3474,0,0,1,15426,0,0,0,1088,0,0,0,0,0,0,FALSE
4,3215078,rs550395031,C,T,gnomAD Genomes,NA,PASS,c.6775-607C>T,NA,c.6775-607C>T,intron_variant,NA,NA,3,31406,9.55E-05,0,0,0,8714,0,0,0,848,0,0,0,290,0,0,1,1558,0,0,0,3476,0,0,2,15434,0,0,0,1086,0,0,0,0,0,0,FALSE
4,3215079,rs1484043400,G,A,gnomAD Genomes,NA,PASS,c.6775-606G>A,NA,c.6775-606G>A,intron_variant,NA,NA,2,31396,6.37E-05,0,0,2,8710,0,0,0,848,0,0,0,290,0,0,0,1558,0,0,0,3476,0,0,0,15430,0,0,0,1084,0,0,0,0,0,0,FALSE
4,3215093,rs1186079214,C,T,gnomAD Genomes,NA,PASS,c.6775-592C>T,NA,c.6775-592C>T,intron_variant,NA,NA,1,31404,3.18E-05,0,0,0,8716,0,0,0,846,0,0,0,290,0,0,0,1558,0,0,0,3476,0,0,1,15434,0,0,0,1084,0,0,0,0,0,0,FALSE
4,3215093,rs1186079214,C,G,gnomAD Genomes,NA,PASS,c.6775-592C>G,NA,c.6775-592C>G,intron_variant,NA,NA,1,31404,3.18E-05,0,0,0,8716,0,0,0,846,0,0,1,290,0,0,0,1558,0,0,0,3476,0,0,0,15434,0,0,0,1084,0,0,0,0,0,0,FALSE
4,3215096,rs116761642,G,T,gnomAD Genomes,NA,PASS,c.6775-589G>T,NA,c.6775-589G>T,intron_variant,NA,NA,579,31396,0.01844184,20,0,560,8712,20,0,3,848,0,0,6,290,0,0,0,1556,0,0,0,3474,0,0,6,15432,0,0,4,1084,0,0,0,0,0,0,FALSE
4,3215099,rs530025344,G,A,gnomAD Genomes,NA,PASS,c.6775-586G>A,NA,c.6775-586G>A,intron_variant,NA,NA,1,31406,3.18E-05,0,0,0,8718,0,0,0,848,0,0,0,290,0,0,1,1558,0,0,0,3476,0,0,0,15432,0,0,0,1084,0,0,0,0,0,0,FALSE
4,3215104,rs766253843,C,A,gnomAD Genomes,NA,PASS,c.6775-581C>A,NA,c.6775-581C>A,intron_variant,NA,NA,2,31402,6.37E-05,0,0,0,8716,0,0,0,848,0,0,0,290,0,0,0,1556,0,0,0,3476,0,0,2,15432,0,0,0,1084,0,0,0,0,0,0,FALSE
4,3215143,rs751478192,A,G,gnomAD Genomes,NA,PASS,c.6775-542A>G,NA,c.6775-542A>G,intron_variant,NA,NA,1,31404,3.18E-05,0,0,0,8712,0,0,0,848,0,0,0,290,0,0,0,1560,0,0,0,3476,0,0,1,15432,0,0,0,1086,0,0,0,0,0,0,FALSE
4,3215149,rs376822971,T,C,gnomAD Genomes,NA,PASS,c.6775-536T>C,NA,c.6775-536T>C,intron_variant,NA,NA,2,31402,6.37E-05,0,0,0,8712,0,0,0,848,0,0,0,290,0,0,2,1558,0,0,0,3476,0,0,0,15430,0,0,0,1088,0,0,0,0,0,0,FALSE
4,3215156,rs118066555,G,A,gnomAD Genomes,NA,PASS,c.6775-529G>A,NA,c.6775-529G>A,intron_variant,NA,NA,61,31402,0.001942551,0,0,7,8714,0,0,5,848,0,0,5,290,0,0,31,1560,0,0,1,3474,0,0,12,15428,0,0,0,1088,0,0,0,0,0,0,FALSE
4,3215191,rs187388219,T,C,gnomAD Genomes,NA,PASS,c.6775-494T>C,NA,c.6775-494T>C,intron_variant,NA,NA,24,31410,7.64E-04,0,0,0,8714,0,0,0,848,0,0,0,290,0,0,0,1560,0,0,1,3474,0,0,23,15436,0,0,0,1088,0,0,0,0,0,0,FALSE
4,3215206,rs904873531,C,G,gnomAD Genomes,NA,PASS,c.6775-479C>G,NA,c.6775-479C>G,intron_variant,NA,NA,2,31406,6.37E-05,0,0,2,8716,0,0,0,848,0,0,0,290,0,0,0,1560,0,0,0,3476,0,0,0,15428,0,0,0,1088,0,0,0,0,0,0,FALSE
4,3215227,rs1003589245,C,A,gnomAD Genomes,NA,PASS,c.6775-458C>A,NA,c.6775-458C>A,intron_variant,NA,NA,1,31408,3.18E-05,0,0,1,8716,0,0,0,848,0,0,0,290,0,0,0,1560,0,0,0,3476,0,0,0,15430,0,0,0,1088,0,0,0,0,0,0,FALSE
4,3215235,rs1435979357,A,G,gnomAD Genomes,NA,PASS,c.6775-450A>G,NA,c.6775-450A>G,intron_variant,NA,NA,1,31408,3.18E-05,0,0,1,8716,0,0,0,848,0,0,0,290,0,0,0,1560,0,0,0,3476,0,0,0,15430,0,0,0,1088,0,0,0,0,0,0,FALSE
4,3215240,rs531490844,A,G,gnomAD Genomes,NA,PASS,c.6775-445A>G,NA,c.6775-445A>G,intron_variant,NA,NA,18,31402,5.73E-04,0,0,4,8710,0,0,0,848,0,0,0,290,0,0,0,1560,0,0,0,3476,0,0,14,15430,0,0,0,1088,0,0,0,0,0,0,FALSE
4,3215261,rs1366117442,C,T,gnomAD Genomes,NA,PASS,c.6775-424C>T,NA,c.6775-424C>T,intron_variant,NA,NA,1,31406,3.18E-05,0,0,0,8716,0,0,0,848,0,0,0,290,0,0,0,1558,0,0,0,3476,0,0,1,15432,0,0,0,1086,0,0,0,0,0,0,FALSE
4,3215269,rs1218958894,C,CTAG,gnomAD Genomes,NA,PASS,c.6775-415_6775-413dupTAG,NA,c.6775-415_6775-413dupTAG,intron_variant,NA,NA,3,31404,9.55E-05,0,0,1,8714,0,0,0,848,0,0,0,290,0,0,0,1560,0,0,0,3476,0,0,2,15428,0,0,0,1088,0,0,0,0,0,0,FALSE
4,3215274,rs1279820706,A,C,gnomAD Genomes,NA,PASS,c.6775-411A>C,NA,c.6775-411A>C,intron_variant,NA,NA,1,31410,3.18E-05,0,0,0,8714,0,0,0,848,0,0,0,290,0,0,0,1560,0,0,0,3476,0,0,1,15434,0,0,0,1088,0,0,0,0,0,0,FALSE
4,3215285,rs1314351896,C,G,gnomAD Genomes,NA,PASS,c.6775-400C>G,NA,c.6775-400C>G,intron_variant,NA,NA,1,31404,3.18E-05,0,0,0,8718,0,0,0,848,0,0,0,290,0,0,0,1560,0,0,0,3476,0,0,1,15426,0,0,0,1086,0,0,0,0,0,0,FALSE
4,3215307,rs1206415867,G,A,gnomAD Genomes,NA,PASS,c.6775-378G>A,NA,c.6775-378G>A,intron_variant,NA,NA,2,31402,6.37E-05,0,0,0,8714,0,0,0,848,0,0,0,290,0,0,0,1560,0,0,2,3476,0,0,0,15426,0,0,0,1088,0,0,0,0,0,0,FALSE
4,3215326,rs779315903,C,G,gnomAD Genomes,NA,PASS,c.6775-359C>G,NA,c.6775-359C>G,intron_variant,NA,NA,2,31404,6.37E-05,0,0,0,8718,0,0,0,848,0,0,0,290,0,0,0,1558,0,0,0,3476,0,0,2,15426,0,0,0,1088,0,0,0,0,0,0,FALSE
4,3215328,rs145498084,C,G,gnomAD Genomes,NA,PASS,c.6775-357C>G,NA,c.6775-357C>G,intron_variant,NA,NA,101,31398,0.003216765,0,0,5,8716,0,0,5,848,0,0,0,290,0,0,0,1558,0,0,10,3476,0,0,74,15422,0,0,7,1088,0,0,0,0,0,0,TRUE
4,3215338,rs772437678,A,G,gnomAD Genomes,NA,PASS,c.6775-347A>G,NA,c.6775-347A>G,intron_variant,NA,NA,3,31404,9.55E-05,0,0,0,8716,0,0,0,848,0,0,0,290,0,0,0,1560,0,0,0,3474,0,0,3,15428,0,0,0,1088,0,0,0,0,0,0,TRUE
4,3215387,rs993895752,C,T,gnomAD Genomes,NA,PASS,c.6775-298C>T,NA,c.6775-298C>T,intron_variant,NA,NA,1,31398,3.18E-05,0,0,0,8710,0,0,0,848,0,0,0,290,0,0,0,1560,0,0,0,3476,0,0,1,15426,0,0,0,1088,0,0,0,0,0,0,FALSE
4,3215404,rs555220512,C,T,gnomAD Genomes,NA,PASS,c.6775-281C>T,NA,c.6775-281C>T,intron_variant,NA,NA,3,31406,9.55E-05,0,0,1,8716,0,0,0,848,0,0,0,290,0,0,0,1560,0,0,0,3476,0,0,2,15428,0,0,0,1088,0,0,0,0,0,0,FALSE
4,3215404,rs555220512,C,A,gnomAD Genomes,NA,PASS,c.6775-281C>A,NA,c.6775-281C>A,intron_variant,NA,NA,1,31406,3.18E-05,0,0,0,8716,0,0,0,848,0,0,0,290,0,0,1,1560,0,0,0,3476,0,0,0,15428,0,0,0,1088,0,0,0,0,0,0,FALSE
4,3215417,rs1281208328,A,G,gnomAD Genomes,NA,PASS,c.6775-268A>G,NA,c.6775-268A>G,intron_variant,NA,NA,2,31384,6.37E-05,0,0,0,8704,0,0,0,848,0,0,0,290,0,0,0,1558,0,0,0,3476,0,0,2,15420,0,0,0,1088,0,0,0,0,0,0,FALSE
4,3215421,rs574996405,T,C,gnomAD Genomes,NA,PASS,c.6775-264T>C,NA,c.6775-264T>C,intron_variant,NA,NA,2,31374,6.37E-05,0,0,0,8706,0,0,0,848,0,0,0,290,0,0,0,1558,0,0,0,3476,0,0,2,15412,0,0,0,1084,0,0,0,0,0,0,FALSE
4,3215440,rs935290987,G,A,gnomAD Genomes,NA,PASS,c.6775-245G>A,NA,c.6775-245G>A,intron_variant,NA,NA,2,31406,6.37E-05,0,0,0,8718,0,0,0,848,0,0,0,288,0,0,0,1560,0,0,0,3476,0,0,2,15430,0,0,0,1086,0,0,0,0,0,0,FALSE
4,3215465,rs148430407,T,G,gnomAD Genomes,NA,PASS,c.6775-220T>G,NA,c.6775-220T>G,intron_variant,NA,NA,80,31340,0.002552648,0,0,79,8694,0,0,0,848,0,0,0,290,0,0,0,1560,0,0,0,3472,0,0,0,15388,0,0,1,1088,0,0,0,0,0,0,FALSE
4,3215483,rs768812682,G,T,gnomAD Genomes,NA,PASS,c.6775-202G>T,NA,c.6775-202G>T,intron_variant,NA,NA,1,31396,3.19E-05,0,0,0,8706,0,0,0,848,0,0,0,290,0,0,0,1560,0,0,0,3474,0,0,1,15430,0,0,0,1088,0,0,0,0,0,0,FALSE
4,3215512,rs1322658177,T,A,gnomAD Genomes,NA,PASS,c.6775-173T>A,NA,c.6775-173T>A,intron_variant,NA,NA,1,31378,3.19E-05,0,0,0,8702,0,0,0,848,0,0,0,290,0,0,0,1558,0,0,0,3474,0,0,1,15418,0,0,0,1088,0,0,0,0,0,0,FALSE
4,3215539,rs904968031,A,G,gnomAD Genomes,NA,PASS,c.6775-146A>G,NA,c.6775-146A>G,intron_variant,NA,NA,4,31406,1.27E-04,0,0,0,8716,0,0,0,848,0,0,0,290,0,0,0,1560,0,0,0,3476,0,0,4,15428,0,0,0,1088,0,0,0,0,0,0,FALSE
4,3215564,rs989574965,G,T,gnomAD Genomes,NA,PASS,c.6775-121G>T,NA,c.6775-121G>T,intron_variant,NA,NA,1,31408,3.18E-05,0,0,0,8714,0,0,0,848,0,0,0,290,0,0,0,1560,0,0,0,3476,0,0,1,15432,0,0,0,1088,0,0,0,0,0,0,FALSE
4,3215578,rs1276013986,A,G,gnomAD Genomes,NA,PASS,c.6775-107A>G,NA,c.6775-107A>G,intron_variant,NA,NA,1,31396,3.19E-05,0,0,0,8712,0,0,1,848,0,0,0,290,0,0,0,1556,0,0,0,3476,0,0,0,15426,0,0,0,1088,0,0,0,0,0,0,FALSE
4,3215579,rs897486456,C,T,gnomAD Genomes,NA,PASS,c.6775-106C>T,NA,c.6775-106C>T,intron_variant,NA,NA,4,31400,1.27E-04,0,0,3,8716,0,0,0,848,0,0,0,290,0,0,0,1556,0,0,0,3476,0,0,0,15426,0,0,1,1088,0,0,0,0,0,0,FALSE
4,3215581,rs577164816,C,T,gnomAD Genomes,NA,PASS,c.6775-104C>T,NA,c.6775-104C>T,intron_variant,NA,NA,3,31402,9.55E-05,0,0,1,8718,0,0,0,848,0,0,0,290,0,0,0,1556,0,0,0,3476,0,0,2,15426,0,0,0,1088,0,0,0,0,0,0,FALSE
4,3215582,rs943682608,G,A,gnomAD Genomes,NA,PASS,c.6775-103G>A,NA,c.6775-103G>A,intron_variant,NA,NA,1,31398,3.18E-05,0,0,1,8714,0,0,0,848,0,0,0,290,0,0,0,1556,0,0,0,3476,0,0,0,15426,0,0,0,1088,0,0,0,0,0,0,FALSE
4,3215626,rs1329452586,C,T,gnomAD Genomes,NA,PASS,c.6775-59C>T,NA,c.6775-59C>T,intron_variant,NA,NA,2,31402,6.37E-05,0,0,1,8714,0,0,0,848,0,0,0,290,0,0,0,1556,0,0,0,3476,0,0,1,15430,0,0,0,1088,0,0,0,0,0,0,FALSE
4,3215627,rs952927926,G,A,gnomAD Genomes,NA,PASS,c.6775-58G>A,NA,c.6775-58G>A,intron_variant,NA,NA,1,31390,3.19E-05,0,0,0,8710,0,0,0,848,0,0,0,290,0,0,0,1556,0,0,0,3476,0,0,1,15424,0,0,0,1086,0,0,0,0,0,0,FALSE
4,3215634,rs1188042938,C,G,gnomAD Genomes,NA,PASS,c.6775-51C>G,NA,c.6775-51C>G,intron_variant,NA,NA,1,31398,3.18E-05,0,0,0,8712,0,0,0,848,0,0,0,290,0,0,0,1556,0,0,0,3476,0,0,1,15428,0,0,0,1088,0,0,0,0,0,0,FALSE
4,3215637,rs1382176240,A,G,"gnomAD Exomes,gnomAD Genomes",PASS,PASS,c.6775-48A>G,NA,c.6775-48A>G,intron_variant,NA,NA,2,185022,1.08E-05,0,0,0,20328,0,0,0,18578,0,0,0,4070,0,0,2,12664,0,0,0,20728,0,0,0,91256,0,0,0,4302,0,0,0,13096,0,0,FALSE
4,3215639,rs372900598,C,T,"gnomAD Exomes,gnomAD Genomes",PASS,PASS,c.6775-46C>T,NA,c.6775-46C>T,intron_variant,NA,NA,6,184440,3.25E-05,0,0,2,20334,0,0,0,18322,0,0,0,4050,0,0,2,12594,0,0,0,20732,0,0,0,91150,0,0,0,4288,0,0,2,12970,0,0,FALSE
4,3215648,rs762824182,A,G,gnomAD Exomes,PASS,NA,c.6775-37A>G,NA,c.6775-37A>G,intron_variant,NA,NA,7,171258,4.09E-05,0,0,0,12400,0,0,0,21498,0,0,0,4910,0,0,0,12478,0,0,0,18258,0,0,1,81970,0,0,0,3788,0,0,6,15956,0,0,FALSE
4,3215650,rs1006105659,G,A,"gnomAD Exomes,gnomAD Genomes",PASS,PASS,c.6775-35G>A,NA,c.6775-35G>A,intron_variant,NA,NA,2,206666,9.68E-06,0,0,2,21266,0,0,0,23208,0,0,0,5480,0,0,0,14236,0,0,0,21916,0,0,0,98920,0,0,0,5018,0,0,0,16622,0,0,FALSE
4,3215652,rs765991502,GTGGGCATTC,G,gnomAD Exomes,PASS,NA,c.6775-30_6775-22delGGCATTCTG,NA,c.6775-30_6775-22delGGCATTCTG,intron_variant,NA,NA,1,177772,5.63E-06,0,0,0,12678,0,0,0,22746,0,0,0,5334,0,0,1,12874,0,0,0,18632,0,0,0,84452,0,0,0,3978,0,0,0,17078,0,0,FALSE
4,3215652,rs765991502,G,A,gnomAD Exomes,PASS,NA,c.6775-33G>A,NA,c.6775-33G>A,intron_variant,NA,NA,1,177772,5.63E-06,0,0,0,12678,0,0,0,22746,0,0,0,5334,0,0,0,12874,0,0,0,18632,0,0,0,84452,0,0,0,3978,0,0,1,17078,0,0,FALSE
4,3215653,rs751222760,T,C,"gnomAD Exomes,gnomAD Genomes",PASS,PASS,c.6775-32T>C,NA,c.6775-32T>C,intron_variant,NA,NA,4,207850,1.92E-05,0,0,0,21316,0,0,0,23216,0,0,0,5550,0,0,0,14296,0,0,2,22046,0,0,1,99388,0,0,1,5046,0,0,0,16992,0,0,FALSE
4,3215661,rs754526486,C,T,gnomAD Exomes,PASS,NA,c.6775-24C>T,NA,c.6775-24C>T,intron_variant,NA,NA,1,181504,5.51E-06,0,0,0,12870,0,0,0,22512,0,0,0,5614,0,0,0,13178,0,0,0,18832,0,0,1,86296,0,0,0,4102,0,0,0,18100,0,0,FALSE
4,3215667,NA,C,T,gnomAD Genomes,NA,PASS,c.6775-18C>T,NA,c.6775-18C>T,intron_variant,NA,NA,1,31392,3.19E-05,0,0,0,8710,0,0,0,848,0,0,0,290,0,0,0,1556,0,0,0,3476,0,0,1,15424,0,0,0,1088,0,0,0,0,0,0,FALSE
4,3215669,rs376150131,C,T,"gnomAD Exomes,gnomAD Genomes",PASS,PASS,c.6775-16C>T,NA,c.6775-16C>T,intron_variant,NA,NA,284,220396,0.00128859,0,0,4,21664,0,0,4,24558,0,0,0,6552,0,0,0,14948,0,0,151,22850,0,0,113,104584,0,0,12,5392,0,0,0,19848,0,0,TRUE
4,3215670,rs3733216,G,A,gnomAD Exomes,PASS,NA,c.6775-15G>A,NA,c.6775-15G>A,intron_variant,NA,NA,3,189844,1.58E-05,0,0,0,12918,0,0,0,23744,0,0,0,6376,0,0,1,13310,0,0,0,19442,0,0,2,89548,0,0,0,4332,0,0,0,20174,0,0,FALSE
4,3215670,rs3733216,G,T,"gnomAD Exomes,gnomAD Genomes",PASS,PASS,c.6775-15G>T,NA,c.6775-15G>T,intron_variant,NA,NA,36,221228,1.63E-04,0,0,0,21622,0,0,0,24592,0,0,0,6666,0,0,35,14868,0,0,0,22916,0,0,0,104970,0,0,1,5420,0,0,0,20174,0,0,FALSE
4,3215674,rs779370602,C,T,"gnomAD Exomes,gnomAD Genomes",PASS,PASS,c.6775-11C>T,NA,c.6775-11C>T,intron_variant,NA,NA,3,227204,1.32E-05,0,0,0,22126,0,0,0,25024,0,0,0,6992,0,0,3,15504,0,0,0,23192,0,0,0,107700,0,0,0,5624,0,0,0,21042,0,0,FALSE
4,3215688,rs746271452,C,T,gnomAD Exomes,PASS,NA,p.Leu2260Leu,p.Leu2260Leu,c.6778C>T,synonymous_variant,NA,NA,1,215160,4.65E-06,0,0,0,14078,0,0,0,27714,0,0,0,8126,0,0,0,15182,0,0,0,20570,0,0,1,99786,0,0,0,5108,0,0,0,24596,0,0,FALSE
4,3215688,rs746271452,C,G,gnomAD Exomes,PASS,NA,p.Leu2260Val,p.Leu2260Val,c.6778C>G,missense_variant,NA,NA,1,215160,4.65E-06,0,0,0,14078,0,0,0,27714,0,0,0,8126,0,0,0,15182,0,0,0,20570,0,0,0,99786,0,0,0,5108,0,0,1,24596,0,0,FALSE
4,3215693,rs772479641,C,T,gnomAD Exomes,PASS,NA,p.Ser2261Ser,p.Ser2261Ser,c.6783C>T,synonymous_variant,NA,NA,1,221538,4.51E-06,0,0,0,14358,0,0,0,28900,0,0,0,8580,0,0,0,15582,0,0,0,20826,0,0,1,102268,0,0,0,5260,0,0,0,25764,0,0,FALSE
4,3215705,rs780197718,C,G,gnomAD Exomes,PASS,NA,p.Ile2265Met,p.Ile2265Met,c.6795C>G,missense_variant,NA,NA,1,232666,4.30E-06,0,0,0,14838,0,0,0,30852,0,0,0,9256,0,0,0,16540,0,0,0,21112,0,0,0,106806,0,0,0,5534,0,0,1,27728,0,0,FALSE
4,3215707,rs202236016,A,G,gnomAD Exomes,PASS,NA,p.His2266Arg,p.His2266Arg,c.6797A>G,missense_variant,NA,NA,1,234368,4.27E-06,0,0,0,14852,0,0,0,31230,0,0,0,9378,0,0,0,16616,0,0,0,21194,0,0,1,107446,0,0,0,5568,0,0,0,28084,0,0,FALSE
4,3215709,rs1472525633,G,A,gnomAD Exomes,PASS,NA,p.Glu2267Lys,p.Glu2267Lys,c.6799G>A,missense_variant,NA,NA,1,235384,4.25E-06,0,0,1,14898,0,0,0,31402,0,0,0,9476,0,0,0,16676,0,0,0,21198,0,0,0,107880,0,0,0,5598,0,0,0,28256,0,0,FALSE
4,3215711,rs768696167,G,A,gnomAD Exomes,PASS,NA,p.Glu2267Glu,p.Glu2267Glu,c.6801G>A,synonymous_variant,NA,NA,1,235616,4.24E-06,0,0,0,14888,0,0,0,31434,0,0,0,9508,0,0,0,16696,0,0,0,21224,0,0,1,108024,0,0,0,5590,0,0,0,28252,0,0,FALSE
4,3215719,rs956664465,C,A,gnomAD Genomes,NA,PASS,p.Pro2270Gln,p.Pro2270Gln,c.6809C>A,missense_variant,NA,NA,1,31396,3.19E-05,0,0,0,8712,0,0,0,846,0,0,0,290,0,0,0,1560,0,0,0,3474,0,0,1,15428,0,0,0,1086,0,0,0,0,0,0,FALSE
4,3215720,rs370817761,G,A,"gnomAD Exomes,gnomAD Genomes",PASS,PASS,p.Pro2270Pro,p.Pro2270Pro,c.6810G>A,synonymous_variant,NA,NA,7,269560,2.60E-05,0,0,0,23650,0,0,0,32748,0,0,0,9968,0,0,0,18324,0,0,0,24718,0,0,5,124634,0,0,0,6744,0,0,2,28774,0,0,FALSE
4,3215722,rs1172727567,T,C,gnomAD Exomes,PASS,NA,p.Leu2271Pro,p.Leu2271Pro,c.6812T>C,missense_variant,NA,NA,1,239468,4.18E-06,0,0,0,15008,0,0,0,32090,0,0,0,9754,0,0,0,16850,0,0,0,21340,0,0,1,109752,0,0,0,5700,0,0,0,28974,0,0,FALSE
4,3215723,rs761939030,G,A,gnomAD Exomes,PASS,NA,p.Leu2271Leu,p.Leu2271Leu,c.6813G>A,synonymous_variant,NA,NA,1,239796,4.17E-06,0,0,0,15012,0,0,0,32188,0,0,0,9770,0,0,0,16876,0,0,0,21328,0,0,1,109896,0,0,0,5722,0,0,0,29004,0,0,FALSE
4,3215732,rs769904496,T,A,gnomAD Exomes,PASS,NA,p.Asp2274Glu,p.Asp2274Glu,c.6822T>A,missense_variant,NA,NA,1,243336,4.11E-06,0,0,0,15160,0,0,0,32996,0,0,0,9916,0,0,1,17274,0,0,0,21452,0,0,0,111228,0,0,0,5810,0,0,0,29500,0,0,FALSE
4,3215735,rs780305834,C,T,"gnomAD Exomes,gnomAD Genomes",PASS,PASS,p.Leu2275Leu,p.Leu2275Leu,c.6825C>T,synonymous_variant,NA,NA,128,274534,4.66E-04,0,0,0,23850,0,0,0,33768,0,0,0,10214,0,0,0,18796,0,0,108,24894,0,0,16,126622,0,0,4,6900,0,0,0,29490,0,0,FALSE
4,3215736,rs1370973506,C,T,gnomAD Exomes,PASS,NA,p.Gln2276Ter,p.Gln2276Ter,c.6826C>T,stop_gained,NA,NA,1,243184,4.11E-06,0,0,0,15126,0,0,0,32940,0,0,0,9930,0,0,0,17238,0,0,0,21438,0,0,1,111206,0,0,0,5806,0,0,0,29500,0,0,FALSE
4,3215740,rs762725028,C,T,gnomAD Exomes,PASS,NA,p.Ala2277Val,p.Ala2277Val,c.6830C>T,missense_variant,NA,NA,1,243546,4.11E-06,0,0,0,15164,0,0,0,32998,0,0,0,9954,0,0,1,17264,0,0,0,21454,0,0,0,111366,0,0,0,5812,0,0,0,29534,0,0,FALSE
4,3215743,rs766207653,G,A,gnomAD Exomes,PASS,NA,p.Gly2278Glu,p.Gly2278Glu,c.6833G>A,missense_variant,NA,NA,1,245166,4.08E-06,0,0,0,15252,0,0,0,33360,0,0,0,9980,0,0,1,17516,0,0,0,21458,0,0,0,111964,0,0,0,5870,0,0,0,29766,0,0,FALSE
4,3215747,rs773948229,G,A,gnomAD Exomes,PASS,NA,p.Leu2279Leu,p.Leu2279Leu,c.6837G>A,synonymous_variant,NA,NA,1,244992,4.08E-06,0,0,0,15218,0,0,0,33280,0,0,0,9988,0,0,0,17480,0,0,0,21452,0,0,1,111980,0,0,0,5870,0,0,0,29724,0,0,FALSE
4,3215756,rs1234018568,C,T,gnomAD Exomes,PASS,NA,p.Cys2282Cys,p.Cys2282Cys,c.6846C>T,synonymous_variant,NA,NA,2,245338,8.15E-06,0,0,0,15238,0,0,0,33390,0,0,0,9976,0,0,0,17552,0,0,0,21450,0,0,0,112064,0,0,2,5884,0,0,0,29784,0,0,FALSE
4,3215766,rs759260622,C,G,gnomAD Exomes,PASS,NA,p.Leu2286Val,p.Leu2286Val,c.6856C>G,missense_variant,NA,NA,1,245724,4.07E-06,0,0,0,15274,0,0,0,33466,0,0,0,9992,0,0,0,17574,0,0,0,21486,0,0,0,112184,0,0,0,5894,0,0,1,29854,0,0,FALSE
4,3215774,rs767023984,G,C,gnomAD Exomes,PASS,NA,p.Leu2288Leu,p.Leu2288Leu,c.6864G>C,synonymous_variant,NA,NA,1,245746,4.07E-06,0,0,0,15280,0,0,0,33476,0,0,0,9994,0,0,0,17574,0,0,0,21452,0,0,0,112192,0,0,0,5902,0,0,1,29876,0,0,FALSE
4,3215778,rs1230927293,G,A,gnomAD Exomes,PASS,NA,p.Gly2290Ser,p.Gly2290Ser,c.6868G>A,missense_variant,NA,NA,1,245688,4.07E-06,0,0,0,15280,0,0,0,33474,0,0,0,9982,0,0,0,17554,0,0,0,21454,0,0,1,112166,0,0,0,5898,0,0,0,29880,0,0,FALSE
4,3215781,rs1275712459,C,G,gnomAD Exomes,PASS,NA,p.Leu2291Val,p.Leu2291Val,c.6871C>G,missense_variant,NA,NA,2,245762,8.14E-06,0,0,0,15286,0,0,0,33484,0,0,0,9986,0,0,0,17566,0,0,0,21464,0,0,2,112192,0,0,0,5902,0,0,0,29882,0,0,FALSE
4,3215783,rs755589211,C,G,gnomAD Exomes,PASS,NA,p.Leu2291Leu,p.Leu2291Leu,c.6873C>G,synonymous_variant,NA,NA,4,245738,1.63E-05,0,0,0,15288,0,0,0,33474,0,0,0,9992,0,0,0,17568,0,0,0,21464,0,0,4,112168,0,0,0,5896,0,0,0,29888,0,0,FALSE
4,3215783,rs755589211,C,T,gnomAD Exomes,PASS,NA,p.Leu2291Leu,p.Leu2291Leu,c.6873C>T,synonymous_variant,NA,NA,1,245738,4.07E-06,0,0,0,15288,0,0,0,33474,0,0,0,9992,0,0,0,17568,0,0,0,21464,0,0,1,112168,0,0,0,5896,0,0,0,29888,0,0,FALSE
4,3215788,rs1194499045,G,T,gnomAD Exomes,PASS,NA,p.Ser2293Ile,p.Ser2293Ile,c.6878G>T,missense_variant,NA,NA,2,245346,8.15E-06,0,0,0,15268,0,0,0,33394,0,0,0,9980,0,0,0,17536,0,0,0,21448,0,0,2,112034,0,0,0,5880,0,0,0,29806,0,0,FALSE
4,3215789,rs1270093686,C,T,"gnomAD Exomes,gnomAD Genomes",PASS,PASS,p.Ser2293Ser,p.Ser2293Ser,c.6879C>T,synonymous_variant,NA,NA,3,276634,1.08E-05,0,0,2,23958,0,0,1,34236,0,0,0,10268,0,0,0,19082,0,0,0,24930,0,0,0,127400,0,0,0,6960,0,0,0,29800,0,0,FALSE
4,3215790,rs750914925,G,C,gnomAD Genomes,NA,PASS,p.Val2294Leu,p.Val2294Leu,c.6880G>C,missense_variant,NA,NA,1,31390,3.19E-05,0,0,0,8702,0,0,0,848,0,0,0,290,0,0,0,1558,0,0,0,3474,0,0,0,15432,0,0,1,1086,0,0,0,0,0,0,FALSE
4,3215790,rs750914925,G,A,gnomAD Exomes,PASS,NA,p.Val2294Met,p.Val2294Met,c.6880G>A,missense_variant,NA,NA,3,244990,1.22E-05,0,0,0,15236,0,0,0,33370,0,0,0,9970,0,0,2,17492,0,0,0,21414,0,0,1,111878,0,0,0,5868,0,0,0,29762,0,0,FALSE
4,3215801,rs561152154,C,T,"gnomAD Exomes,gnomAD Genomes",PASS,PASS,p.Ser2297Ser,p.Ser2297Ser,c.6891C>T,synonymous_variant,NA,NA,6,274876,2.18E-05,0,0,0,23824,0,0,0,33842,0,0,0,10242,0,0,5,18846,0,0,0,24942,0,0,1,126792,0,0,0,6912,0,0,0,29476,0,0,FALSE
4,3215809,rs780472484,T,C,gnomAD Exomes,PASS,NA,p.Phe2300Ser,p.Phe2300Ser,c.6899T>C,missense_variant,NA,NA,1,241262,4.14E-06,0,0,0,14892,0,0,0,32554,0,0,0,9888,0,0,1,16996,0,0,0,21384,0,0,0,110602,0,0,0,5742,0,0,0,29204,0,0,FALSE
4,3215818,rs1390498946,A,G,gnomAD Genomes,NA,PASS,p.His2303Arg,p.His2303Arg,c.6908A>G,missense_variant,NA,NA,2,31380,6.37E-05,0,0,0,8704,0,0,0,848,0,0,0,290,0,0,0,1554,0,0,0,3474,0,0,2,15426,0,0,0,1084,0,0,0,0,0,0,FALSE
4,3215819,rs761834017,C,A,gnomAD Genomes,NA,PASS,p.His2303Gln,p.His2303Gln,c.6909C>A,missense_variant,NA,NA,2,31386,6.37E-05,0,0,0,8704,0,0,0,848,0,0,0,290,0,0,0,1558,0,0,0,3476,0,0,2,15424,0,0,0,1086,0,0,0,0,0,0,FALSE
4,3215819,rs761834017,C,T,"gnomAD Exomes,gnomAD Genomes",PASS,PASS,p.His2303His,p.His2303His,c.6909C>T,synonymous_variant,NA,NA,12,267184,4.49E-05,0,0,2,23150,0,0,0,32396,0,0,0,10004,0,0,0,17902,0,0,1,24728,0,0,7,123944,0,0,0,6650,0,0,2,28410,0,0,FALSE
4,3215822,rs573397591,C,T,"gnomAD Exomes,gnomAD Genomes",PASS,PASS,p.Ala2304Ala,p.Ala2304Ala,c.6912C>T,synonymous_variant,NA,NA,134,266948,5.02E-04,0,0,0,23136,0,0,0,32324,0,0,0,10028,0,0,0,17864,0,0,0,24712,0,0,7,123824,0,0,3,6650,0,0,124,28410,0,0,FALSE
4,3215827,rs781546405,C,T,gnomAD Exomes,PASS,NA,p.Ser2306Phe,p.Ser2306Phe,c.6917C>T,missense_variant,NA,NA,1,232656,4.30E-06,0,0,0,14244,0,0,0,30982,0,0,0,9596,0,0,0,16032,0,0,0,21164,0,0,0,107224,0,0,0,5480,0,0,1,27934,0,0,FALSE
4,3215835,rs362331,T,C,"gnomAD Exomes,gnomAD Genomes",PASS,PASS,p.Tyr2309His,p.Tyr2309His,c.6925T>C,missense_variant,NA,NA,112868,258568,0.436511865,25384,0,13210,22610,3883,0,11734,30874,2197,0,4806,9696,1176,0,7329,17014,1574,0,13292,24460,3602,0,51183,120286,10950,0,2748,6420,599,0,8566,27208,1403,0,TRUE
4,3215841,rs1223633275,G,A,gnomAD Genomes,NA,PASS,p.Val2311Met,p.Val2311Met,c.6931G>A,missense_variant,NA,NA,1,31396,3.19E-05,0,0,0,8712,0,0,0,848,0,0,0,290,0,0,0,1560,0,0,1,3476,0,0,0,15424,0,0,0,1086,0,0,0,0,0,0,FALSE
4,3215845,rs773344648,A,G,gnomAD Genomes,NA,PASS,p.His2312Arg,p.His2312Arg,c.6935A>G,missense_variant,NA,NA,4,31378,1.27E-04,0,0,4,8706,0,0,0,848,0,0,0,290,0,0,0,1558,0,0,0,3476,0,0,0,15412,0,0,0,1088,0,0,0,0,0,0,FALSE
4,3215850,rs1298588369,A,T,gnomAD Exomes,PASS,NA,p.Ile2314Phe,p.Ile2314Phe,c.6940A>T,missense_variant,NA,NA,1,201738,4.96E-06,0,0,0,12402,0,0,0,24984,0,0,0,8066,0,0,0,13012,0,0,0,20232,0,0,1,95484,0,0,0,4560,0,0,0,22998,0,0,FALSE
4,3215851,rs749249752,T,C,gnomAD Exomes,PASS,NA,p.Ile2314Thr,p.Ile2314Thr,c.6941T>C,missense_variant,NA,NA,1,201876,4.95E-06,0,0,0,12440,0,0,0,25098,0,0,0,8052,0,0,0,13072,0,0,0,20200,0,0,1,95514,0,0,0,4564,0,0,0,22936,0,0,FALSE
4,3215852,rs770731933,C,T,gnomAD Exomes,PASS,NA,p.Ile2314Ile,p.Ile2314Ile,c.6942C>T,synonymous_variant,NA,NA,1,200718,4.98E-06,0,0,0,12402,0,0,0,25002,0,0,0,7928,0,0,0,13002,0,0,0,20126,0,0,1,95020,0,0,0,4508,0,0,0,22730,0,0,FALSE
4,3215861,rs376635317,C,T,"gnomAD Exomes,gnomAD Genomes",PASS,PASS,p.Ala2317Ala,p.Ala2317Ala,c.6951C>T,splice_region_variant,NA,NA,25,224798,1.11E-04,0,0,1,20886,0,0,5,25202,0,0,7,7652,0,0,2,14248,0,0,0,23078,0,0,5,107080,0,0,1,5412,0,0,4,21240,0,0,FALSE
4,3215862,rs1197047835,G,A,gnomAD Genomes,NA,PASS,p.Val2318Ile,p.Val2318Ile,c.6952G>A,missense_variant,NA,NA,1,31390,3.19E-05,0,0,0,8712,0,0,0,848,0,0,0,290,0,0,0,1558,0,0,0,3476,0,0,0,15420,0,0,1,1086,0,0,0,0,0,0,FALSE
4,3215872,rs775119459,C,T,gnomAD Genomes,NA,PASS,c.6952+10C>T,NA,c.6952+10C>T,intron_variant,NA,NA,1,31392,3.19E-05,0,0,0,8714,0,0,1,848,0,0,0,288,0,0,0,1560,0,0,0,3476,0,0,0,15418,0,0,0,1088,0,0,0,0,0,0,FALSE
4,3215873,rs201280285,G,A,gnomAD Exomes,PASS,NA,c.6952+11G>A,NA,c.6952+11G>A,intron_variant,NA,NA,9,168802,5.33E-05,0,0,2,11220,0,0,0,19804,0,0,0,5736,0,0,0,11232,0,0,0,18160,0,0,6,81980,0,0,1,3656,0,0,0,17014,0,0,FALSE
4,3215875,rs1472708128,C,T,gnomAD Genomes,NA,PASS,c.6952+13C>T,NA,c.6952+13C>T,intron_variant,NA,NA,1,31400,3.18E-05,0,0,0,8714,0,0,0,848,0,0,0,290,0,0,0,1560,0,0,0,3476,0,0,1,15426,0,0,0,1086,0,0,0,0,0,0,FALSE
4,3215879,rs371221527,G,A,gnomAD Exomes,PASS,NA,c.6952+17G>A,NA,c.6952+17G>A,intron_variant,NA,NA,2,160894,1.24E-05,0,0,1,10834,0,0,1,18902,0,0,0,5314,0,0,0,10754,0,0,0,17654,0,0,0,78224,0,0,0,3476,0,0,0,15736,0,0,FALSE
4,3215882,rs368710938,C,T,"gnomAD Exomes,gnomAD Genomes",PASS,PASS,c.6952+20C>T,NA,c.6952+20C>T,intron_variant,NA,NA,4,185764,2.15E-05,0,0,0,19230,0,0,0,19560,0,0,0,5224,0,0,0,11812,0,0,0,20628,0,0,1,90024,0,0,1,4432,0,0,2,14854,0,0,FALSE
4,3215883,rs374327813,G,A,gnomAD Genomes,NA,PASS,c.6952+21G>A,NA,c.6952+21G>A,intron_variant,NA,NA,4,31396,1.27E-04,0,0,1,8714,0,0,0,848,0,0,0,290,0,0,0,1560,0,0,0,3474,0,0,3,15424,0,0,0,1086,0,0,0,0,0,0,FALSE
4,3215888,rs367731348,G,C,"gnomAD Exomes,gnomAD Genomes",PASS,PASS,c.6952+26G>C,NA,c.6952+26G>C,intron_variant,NA,NA,90,176654,5.09E-04,0,0,4,18874,0,0,1,18290,0,0,0,4852,0,0,0,11468,0,0,5,19976,0,0,78,85590,0,0,2,4244,0,0,0,13360,0,0,FALSE
4,3215897,rs373379676,A,G,"gnomAD Exomes,gnomAD Genomes",PASS,PASS,c.6952+35A>G,NA,c.6952+35A>G,intron_variant,NA,NA,16,155136,1.03E-04,0,0,3,17704,0,0,1,14984,0,0,0,3870,0,0,9,9822,0,0,0,18608,0,0,1,75734,0,0,1,3680,0,0,1,10734,0,0,FALSE
4,3215903,rs182137830,C,G,"gnomAD Exomes,gnomAD Genomes",PASS,PASS,c.6952+41C>G,NA,c.6952+41C>G,intron_variant,NA,NA,4,139054,2.88E-05,0,0,2,16780,0,0,1,12954,0,0,0,3276,0,0,0,8632,0,0,0,17360,0,0,0,67760,0,0,0,3366,0,0,1,8926,0,0,FALSE
4,3215904,rs748371654,CTGTCTGCTTCACCA,C,gnomAD Exomes,PASS,NA,c.6952+46_6952+59delCTGCTTCACCATGT,NA,c.6952+46_6952+59delCTGCTTCACCATGT,intron_variant,NA,NA,1,101186,9.88E-06,0,0,0,7664,0,0,0,11228,0,0,1,2762,0,0,0,6602,0,0,0,13370,0,0,0,49258,0,0,0,2158,0,0,0,8144,0,0,FALSE
4,3215904,rs748371654,C,G,"gnomAD Exomes,gnomAD Genomes",PASS,PASS,c.6952+42C>G,NA,c.6952+42C>G,intron_variant,NA,NA,9,132590,6.79E-05,0,0,0,16380,0,0,0,12076,0,0,0,3052,0,0,9,8162,0,0,0,16846,0,0,0,64684,0,0,0,3246,0,0,0,8144,0,0,FALSE
4,3215914,rs1403421742,C,T,gnomAD Genomes,NA,PASS,c.6952+52C>T,NA,c.6952+52C>T,intron_variant,NA,NA,1,31400,3.18E-05,0,0,0,8716,0,0,0,848,0,0,0,290,0,0,0,1560,0,0,0,3476,0,0,1,15422,0,0,0,1088,0,0,0,0,0,0,FALSE
4,3215963,rs1018900436,A,G,gnomAD Genomes,NA,PASS,c.6952+101A>G,NA,c.6952+101A>G,intron_variant,NA,NA,1,31404,3.18E-05,0,0,0,8714,0,0,0,848,0,0,0,290,0,0,0,1560,0,0,0,3474,0,0,1,15430,0,0,0,1088,0,0,0,0,0,0,FALSE
4,3215970,rs943939262,A,T,gnomAD Genomes,NA,PASS,c.6952+108A>T,NA,c.6952+108A>T,intron_variant,NA,NA,1,31396,3.19E-05,0,0,0,8710,0,0,0,848,0,0,0,290,0,0,0,1558,0,0,0,3476,0,0,0,15426,0,0,1,1088,0,0,0,0,0,0,FALSE
4,3215971,rs1041365575,T,C,gnomAD Genomes,NA,PASS,c.6952+109T>C,NA,c.6952+109T>C,intron_variant,NA,NA,3,31402,9.55E-05,0,0,0,8714,0,0,0,848,0,0,0,290,0,0,0,1560,0,0,0,3476,0,0,3,15428,0,0,0,1086,0,0,0,0,0,0,FALSE
4,3215983,rs185797886,T,C,gnomAD Genomes,NA,PASS,c.6952+121T>C,NA,c.6952+121T>C,intron_variant,NA,NA,84,31398,0.00267533,2,0,0,8716,0,0,0,848,0,0,0,290,0,0,0,1558,0,0,54,3474,1,0,19,15424,0,0,11,1088,1,0,0,0,0,0,FALSE
4,3215990,rs1339511959,T,C,gnomAD Genomes,NA,PASS,c.6952+128T>C,NA,c.6952+128T>C,intron_variant,NA,NA,1,31394,3.19E-05,0,0,1,8714,0,0,0,848,0,0,0,290,0,0,0,1560,0,0,0,3472,0,0,0,15422,0,0,0,1088,0,0,0,0,0,0,FALSE
